doc_id,metric,textrank,bbidf,tfidf,bbidf_gap_to_textrank,bbidf_pct_of_textrank
0,P@5,0.4,0.2,0.2,-0.2,50.0
1,P@5,0.2,0.2,0.0,0.0,100.0
2,P@5,0.8,0.6,0.6,-0.20000000000000007,74.99999999999999
3,P@5,0.6,0.4,0.4,-0.19999999999999996,66.66666666666667
4,P@5,0.2,0.4,0.4,0.2,200.0
5,P@5,1.0,1.0,1.0,0.0,100.0
6,P@5,0.6,0.6,0.6,0.0,100.0
7,P@5,0.4,0.4,0.4,0.0,100.0
8,P@5,0.2,0.4,0.2,0.2,200.0
9,P@5,0.4,0.4,0.4,0.0,100.0
11,P@5,0.4,0.4,0.4,0.0,100.0
13,P@5,0.4,0.4,0.6,0.0,100.0
15,P@5,0.4,0.2,0.4,-0.2,50.0
16,P@5,1.0,1.0,1.0,0.0,100.0
17,P@5,0.2,0.2,0.2,0.0,100.0
18,P@5,0.4,0.4,0.4,0.0,100.0
19,P@5,0.8,0.8,0.6,0.0,100.0
20,P@5,0.6,0.6,0.8,0.0,100.0
21,P@5,0.2,0.2,0.2,0.0,100.0
22,P@5,0.2,0.4,0.4,0.2,200.0
23,P@5,0.8,0.6,0.6,-0.20000000000000007,74.99999999999999
24,P@5,0.8,0.6,0.8,-0.20000000000000007,74.99999999999999
25,P@5,1.0,1.0,1.0,0.0,100.0
26,P@5,0.6,0.6,0.6,0.0,100.0
27,P@5,0.6,0.6,0.6,0.0,100.0
28,P@5,0.4,0.2,0.2,-0.2,50.0
29,P@5,0.6,0.6,0.4,0.0,100.0
30,P@5,0.4,0.4,0.4,0.0,100.0
31,P@5,0.4,0.6,0.6,0.19999999999999996,149.99999999999997
32,P@5,0.6,0.6,0.4,0.0,100.0
0,R@5,0.14285714285714285,0.07142857142857142,0.07142857142857142,-0.07142857142857142,50.0
1,R@5,0.2,0.2,0.0,0.0,100.0
2,R@5,1.0,0.75,0.75,-0.25,75.0
3,R@5,0.42857142857142855,0.2857142857142857,0.2857142857142857,-0.14285714285714285,66.66666666666666
4,R@5,0.2,0.4,0.4,0.2,200.0
5,R@5,0.45454545454545453,0.45454545454545453,0.45454545454545453,0.0,100.0
6,R@5,0.42857142857142855,0.42857142857142855,0.42857142857142855,0.0,100.0
7,R@5,0.3333333333333333,0.3333333333333333,0.3333333333333333,0.0,100.0
8,R@5,0.16666666666666666,0.3333333333333333,0.16666666666666666,0.16666666666666666,200.0
9,R@5,0.4,0.4,0.4,0.0,100.0
11,R@5,0.5,0.5,0.5,0.0,100.0
13,R@5,0.3333333333333333,0.3333333333333333,0.5,0.0,100.0
15,R@5,0.2857142857142857,0.14285714285714285,0.2857142857142857,-0.14285714285714285,50.0
16,R@5,0.45454545454545453,0.45454545454545453,0.45454545454545453,0.0,100.0
17,R@5,0.14285714285714285,0.14285714285714285,0.14285714285714285,0.0,100.0
18,R@5,0.4,0.4,0.4,0.0,100.0
19,R@5,0.6666666666666666,0.6666666666666666,0.5,0.0,100.0
20,R@5,0.3333333333333333,0.3333333333333333,0.4444444444444444,0.0,100.0
21,R@5,0.16666666666666666,0.16666666666666666,0.16666666666666666,0.0,100.0
22,R@5,0.25,0.5,0.5,0.25,200.0
23,R@5,0.4,0.3,0.3,-0.10000000000000003,74.99999999999999
24,R@5,0.6666666666666666,0.5,0.6666666666666666,-0.16666666666666663,75.0
25,R@5,0.8333333333333334,0.8333333333333334,0.8333333333333334,0.0,100.0
26,R@5,0.75,0.75,0.75,0.0,100.0
27,R@5,0.42857142857142855,0.42857142857142855,0.42857142857142855,0.0,100.0
28,R@5,0.2857142857142857,0.14285714285714285,0.14285714285714285,-0.14285714285714285,50.0
29,R@5,0.6,0.6,0.4,0.0,100.0
30,R@5,0.5,0.5,0.5,0.0,100.0
31,R@5,0.25,0.375,0.375,0.125,150.0
32,R@5,0.75,0.75,0.5,0.0,100.0
0,F1@5,0.21052631578947364,0.10526315789473682,0.10526315789473682,-0.10526315789473682,50.0
1,F1@5,0.20000000000000004,0.20000000000000004,0.0,0.0,100.0
2,F1@5,0.888888888888889,0.6666666666666665,0.6666666666666665,-0.22222222222222243,74.99999999999997
3,F1@5,0.5,0.3333333333333333,0.3333333333333333,-0.16666666666666669,66.66666666666666
4,F1@5,0.20000000000000004,0.4000000000000001,0.4000000000000001,0.20000000000000004,200.0
5,F1@5,0.625,0.625,0.625,0.0,100.0
6,F1@5,0.5,0.5,0.5,0.0,100.0
7,F1@5,0.3636363636363636,0.3636363636363636,0.3636363636363636,0.0,100.0
8,F1@5,0.1818181818181818,0.3636363636363636,0.1818181818181818,0.1818181818181818,200.0
9,F1@5,0.4000000000000001,0.4000000000000001,0.4000000000000001,0.0,100.0
11,F1@5,0.4444444444444445,0.4444444444444445,0.4444444444444445,0.0,100.0
13,F1@5,0.3636363636363636,0.3636363636363636,0.5454545454545454,0.0,100.0
15,F1@5,0.3333333333333333,0.16666666666666666,0.3333333333333333,-0.16666666666666666,50.0
16,F1@5,0.625,0.625,0.625,0.0,100.0
17,F1@5,0.16666666666666666,0.16666666666666666,0.16666666666666666,0.0,100.0
18,F1@5,0.4000000000000001,0.4000000000000001,0.4000000000000001,0.0,100.0
19,F1@5,0.7272727272727272,0.7272727272727272,0.5454545454545454,0.0,100.0
20,F1@5,0.42857142857142855,0.42857142857142855,0.5714285714285714,0.0,100.0
21,F1@5,0.1818181818181818,0.1818181818181818,0.1818181818181818,0.0,100.0
22,F1@5,0.22222222222222224,0.4444444444444445,0.4444444444444445,0.22222222222222224,200.0
23,F1@5,0.5333333333333333,0.4,0.4,-0.1333333333333333,75.0
24,F1@5,0.7272727272727272,0.5454545454545454,0.7272727272727272,-0.18181818181818177,75.0
25,F1@5,0.9090909090909091,0.9090909090909091,0.9090909090909091,0.0,100.0
26,F1@5,0.6666666666666665,0.6666666666666665,0.6666666666666665,0.0,100.0
27,F1@5,0.5,0.5,0.5,0.0,100.0
28,F1@5,0.3333333333333333,0.16666666666666666,0.16666666666666666,-0.16666666666666666,50.0
29,F1@5,0.6,0.6,0.4000000000000001,0.0,100.0
30,F1@5,0.4444444444444445,0.4444444444444445,0.4444444444444445,0.0,100.0
31,F1@5,0.3076923076923077,0.4615384615384615,0.4615384615384615,0.1538461538461538,149.99999999999997
32,F1@5,0.6666666666666665,0.6666666666666665,0.4444444444444445,0.0,100.0
0,nDCG@5,0.4703652827859579,0.3391602052736161,0.3391602052736161,-0.13120507751234178,72.10570543488701
1,nDCG@5,0.3391602052736161,0.14606834984270645,0.0,-0.19309185543090968,43.06765580733931
2,nDCG@5,0.9828920819566879,0.75369761125927,0.592512031964586,-0.22919447069741783,76.68162406587405
3,nDCG@5,0.6843515475204855,0.5531464700081437,0.4703652827859579,-0.1312050775123419,80.82782482370081
4,nDCG@5,0.16958010263680806,0.5087403079104241,0.5531464700081437,0.33916020527361607,299.99999999999994
5,nDCG@5,1.0,1.0,1.0,0.0,100.0
6,nDCG@5,0.6843515475204855,0.6843515475204855,0.7227265726449519,0.0,100.0
7,nDCG@5,0.36005461457723403,0.34519134224686937,0.27727342735504823,-0.014863272330364663,95.87193949789625
8,nDCG@5,0.16958010263680806,0.34519134224686937,0.3391602052736161,0.1756112396100613,203.55651216119983
9,nDCG@5,0.30078518014914984,0.36005461457723403,0.5087403079104241,0.05926943442808419,119.70490514150143
11,nDCG@5,0.5585075862632192,0.3973220069685352,0.5413996682199069,-0.16118557929468397,71.13994809396935
13,nDCG@5,0.5531464700081437,0.5531464700081437,0.6548086577531307,0.0,100.0
15,nDCG@5,0.27727342735504823,0.16958010263680806,0.30078518014914984,-0.10769332471824017,61.15988259475762
16,nDCG@5,1.0,1.0,1.0,0.0,100.0
17,nDCG@5,0.3391602052736161,0.16958010263680806,0.14606834984270645,-0.16958010263680806,50.0
18,nDCG@5,0.27727342735504823,0.27727342735504823,0.30078518014914984,0.0,100.0
19,nDCG@5,0.8687949224876582,0.7860137352654724,0.5147714448836774,-0.08278118722218586,90.47172294870751
20,nDCG@5,0.639945385422766,0.6843515475204855,0.6608397947263839,0.044406162097719526,106.9390549739465
21,nDCG@5,0.3391602052736161,0.21398626473452756,0.13120507751234178,-0.12517394053908856,63.092975357145754
22,nDCG@5,0.19519002499605084,0.3191471544989227,0.4144299250118475,0.12395712950287188,163.50587306158695
23,nDCG@5,0.8687949224876582,0.7227265726449519,0.7227265726449519,-0.14606834984270634,83.18724637288827
24,nDCG@5,0.7860137352654724,0.7227265726449519,0.8539316501572937,-0.06328716262052048,91.94833884179575
25,nDCG@5,1.0,1.0,1.0,0.0,100.0
26,nDCG@5,0.8318724637288826,0.8048099750039491,0.8318724637288826,-0.027062488724933442,96.74679834891693
27,nDCG@5,0.6548086577531307,0.6992148198508501,0.6548086577531307,0.044406162097719415,106.78154779597631
28,nDCG@5,0.4703652827859579,0.21398626473452756,0.14606834984270645,-0.2563790180514304,45.49363496112937
29,nDCG@5,0.4912596920895758,0.5296347172140421,0.38356636737133565,0.03837502512446628,107.8115558313441
30,nDCG@5,0.5855700749881525,0.5585075862632192,0.5855700749881525,-0.02706248872493333,95.37843720489288
31,nDCG@5,0.5087403079104241,0.6992148198508501,0.7227265726449519,0.19047451194042597,137.44042077632338
32,nDCG@5,0.7365896932159578,0.6096199500078984,0.5855700749881525,-0.12696974320805943,82.76248712445211
0,P@10,0.2,0.2,0.2,0.0,100.0
1,P@10,0.1,0.1,0.1,0.0,100.0
2,P@10,0.4,0.4,0.4,0.0,100.0
3,P@10,0.3,0.3,0.3,0.0,100.0
4,P@10,0.1,0.2,0.2,0.1,200.0
5,P@10,0.8,0.8,0.8,0.0,100.0
6,P@10,0.4,0.5,0.5,0.09999999999999998,125.0
7,P@10,0.4,0.3,0.2,-0.10000000000000003,74.99999999999999
8,P@10,0.2,0.3,0.3,0.09999999999999998,149.99999999999997
9,P@10,0.5,0.4,0.3,-0.09999999999999998,80.0
11,P@10,0.4,0.3,0.3,-0.10000000000000003,74.99999999999999
13,P@10,0.3,0.4,0.3,0.10000000000000003,133.33333333333334
15,P@10,0.4,0.4,0.4,0.0,100.0
16,P@10,0.8,0.8,0.8,0.0,100.0
17,P@10,0.1,0.2,0.2,0.1,200.0
18,P@10,0.5,0.5,0.5,0.0,100.0
19,P@10,0.5,0.6,0.5,0.09999999999999998,120.0
20,P@10,0.4,0.7,0.5,0.29999999999999993,174.99999999999997
21,P@10,0.2,0.1,0.1,-0.1,50.0
22,P@10,0.3,0.3,0.3,0.0,100.0
23,P@10,0.5,0.5,0.4,0.0,100.0
24,P@10,0.5,0.5,0.4,0.0,100.0
25,P@10,0.6,0.6,0.6,0.0,100.0
26,P@10,0.3,0.3,0.3,0.0,100.0
27,P@10,0.4,0.3,0.4,-0.10000000000000003,74.99999999999999
28,P@10,0.5,0.4,0.3,-0.09999999999999998,80.0
29,P@10,0.3,0.3,0.3,0.0,100.0
30,P@10,0.3,0.3,0.2,0.0,100.0
31,P@10,0.5,0.5,0.4,0.0,100.0
32,P@10,0.4,0.4,0.4,0.0,100.0
0,R@10,0.14285714285714285,0.14285714285714285,0.14285714285714285,0.0,100.0
1,R@10,0.2,0.2,0.2,0.0,100.0
2,R@10,1.0,1.0,1.0,0.0,100.0
3,R@10,0.42857142857142855,0.42857142857142855,0.42857142857142855,0.0,100.0
4,R@10,0.2,0.4,0.4,0.2,200.0
5,R@10,0.7272727272727273,0.7272727272727273,0.7272727272727273,0.0,100.0
6,R@10,0.5714285714285714,0.7142857142857143,0.7142857142857143,0.1428571428571429,125.0
7,R@10,0.6666666666666666,0.5,0.3333333333333333,-0.16666666666666663,75.0
8,R@10,0.3333333333333333,0.5,0.5,0.16666666666666669,150.0
9,R@10,1.0,0.8,0.6,-0.19999999999999996,80.0
11,R@10,1.0,0.75,0.75,-0.25,75.0
13,R@10,0.5,0.6666666666666666,0.5,0.16666666666666663,133.33333333333331
15,R@10,0.5714285714285714,0.5714285714285714,0.5714285714285714,0.0,100.0
16,R@10,0.7272727272727273,0.7272727272727273,0.7272727272727273,0.0,100.0
17,R@10,0.14285714285714285,0.2857142857142857,0.2857142857142857,0.14285714285714285,200.0
18,R@10,1.0,1.0,1.0,0.0,100.0
19,R@10,0.8333333333333334,1.0,0.8333333333333334,0.16666666666666663,120.0
20,R@10,0.4444444444444444,0.7777777777777778,0.5555555555555556,0.33333333333333337,175.00000000000003
21,R@10,0.3333333333333333,0.16666666666666666,0.16666666666666666,-0.16666666666666666,50.0
22,R@10,0.75,0.75,0.75,0.0,100.0
23,R@10,0.5,0.5,0.4,0.0,100.0
24,R@10,0.8333333333333334,0.8333333333333334,0.6666666666666666,0.0,100.0
25,R@10,1.0,1.0,1.0,0.0,100.0
26,R@10,0.75,0.75,0.75,0.0,100.0
27,R@10,0.5714285714285714,0.42857142857142855,0.5714285714285714,-0.14285714285714285,75.0
28,R@10,0.7142857142857143,0.5714285714285714,0.42857142857142855,-0.1428571428571429,80.0
29,R@10,0.6,0.6,0.6,0.0,100.0
30,R@10,0.75,0.75,0.5,0.0,100.0
31,R@10,0.625,0.625,0.5,0.0,100.0
32,R@10,1.0,1.0,1.0,0.0,100.0
0,F1@10,0.16666666666666666,0.16666666666666666,0.16666666666666666,0.0,100.0
1,F1@10,0.13333333333333333,0.13333333333333333,0.13333333333333333,0.0,100.0
2,F1@10,0.5714285714285715,0.5714285714285715,0.5714285714285715,0.0,100.0
3,F1@10,0.3529411764705882,0.3529411764705882,0.3529411764705882,0.0,100.0
4,F1@10,0.13333333333333333,0.26666666666666666,0.26666666666666666,0.13333333333333333,200.0
5,F1@10,0.761904761904762,0.761904761904762,0.761904761904762,0.0,100.0
6,F1@10,0.47058823529411764,0.588235294117647,0.588235294117647,0.11764705882352933,124.99999999999997
7,F1@10,0.5,0.37499999999999994,0.25,-0.12500000000000006,74.99999999999999
8,F1@10,0.25,0.37499999999999994,0.37499999999999994,0.12499999999999994,149.99999999999997
9,F1@10,0.6666666666666666,0.5333333333333333,0.4,-0.1333333333333333,80.0
11,F1@10,0.5714285714285715,0.4285714285714285,0.4285714285714285,-0.14285714285714302,74.99999999999997
13,F1@10,0.37499999999999994,0.5,0.37499999999999994,0.12500000000000006,133.33333333333334
15,F1@10,0.47058823529411764,0.47058823529411764,0.47058823529411764,0.0,100.0
16,F1@10,0.761904761904762,0.761904761904762,0.761904761904762,0.0,100.0
17,F1@10,0.11764705882352941,0.23529411764705882,0.23529411764705882,0.11764705882352941,200.0
18,F1@10,0.6666666666666666,0.6666666666666666,0.6666666666666666,0.0,100.0
19,F1@10,0.625,0.7499999999999999,0.625,0.12499999999999989,119.99999999999997
20,F1@10,0.4210526315789474,0.7368421052631577,0.5263157894736842,0.31578947368421034,174.99999999999994
21,F1@10,0.25,0.125,0.125,-0.125,50.0
22,F1@10,0.4285714285714285,0.4285714285714285,0.4285714285714285,0.0,100.0
23,F1@10,0.5,0.5,0.4000000000000001,0.0,100.0
24,F1@10,0.625,0.625,0.5,0.0,100.0
25,F1@10,0.7499999999999999,0.7499999999999999,0.7499999999999999,0.0,100.0
26,F1@10,0.4285714285714285,0.4285714285714285,0.4285714285714285,0.0,100.0
27,F1@10,0.47058823529411764,0.3529411764705882,0.47058823529411764,-0.11764705882352944,74.99999999999999
28,F1@10,0.588235294117647,0.47058823529411764,0.3529411764705882,-0.11764705882352933,80.00000000000001
29,F1@10,0.4,0.4,0.4,0.0,100.0
30,F1@10,0.4285714285714285,0.4285714285714285,0.28571428571428575,0.0,100.0
31,F1@10,0.5555555555555556,0.5555555555555556,0.4444444444444445,0.0,100.0
32,F1@10,0.5714285714285715,0.5714285714285715,0.5714285714285715,0.0,100.0
0,nDCG@10,0.30523488393970116,0.2934556883974402,0.28952298823485745,-0.011779195542260978,96.14094057984934
1,nDCG@10,0.3391602052736161,0.14606834984270645,0.09803928583135704,-0.19309185543090968,43.06765580733931
2,nDCG@10,0.9828920819566879,0.8927537907700456,0.7315682114753617,-0.0901382911866423,90.82927893699176
3,nDCG@10,0.5546406709327603,0.5277610693352978,0.46792684243864047,-0.0268796015974625,95.15369084775949
4,nDCG@10,0.16958010263680806,0.5087403079104241,0.5531464700081437,0.33916020527361607,299.99999999999994
5,nDCG@10,0.8603818544462509,0.857980942822373,0.8701249883466593,-0.0024009116238778994,99.72094813349787
6,nDCG@10,0.6462661152375239,0.7441790405874917,0.7703689102037634,0.09791292534996787,115.15055842189432
7,nDCG@10,0.5041767792801809,0.3954551734183064,0.24738635904833417,-0.10872160586187452,78.43581649732111
8,nDCG@10,0.23877292085081492,0.39907586254035626,0.5058520011127917,0.16030294168954135,167.1361480683559
9,nDCG@10,0.6306870103388195,0.5939193190346003,0.6217937096682962,-0.0367676913042192,94.17021585961209
11,nDCG@10,0.801479410942855,0.5274486902992358,0.664550862590272,-0.2740307206436192,65.80938737761818
13,nDCG@10,0.5943907508440193,0.6818624649454273,0.5842273861585908,0.08747171410140808,114.71619704330874
15,nDCG@10,0.40934622782968033,0.4097225574171969,0.43331321714210663,0.000376329587516544,100.09193429960546
16,nDCG@10,0.866947989864271,0.8701249883466593,0.866947989864271,0.0031769984823882824,100.36645779441575
17,nDCG@10,0.27487633291429087,0.22415199495126514,0.20112881426068294,-0.05072433796302572,81.54648767857286
18,nDCG@10,0.6071752575447179,0.6132355269353261,0.6306870103388195,0.0060602693906082195,100.99810875283598
19,nDCG@10,0.8829374068620365,0.9001715370445234,0.6556125703220435,0.017234130182486873,101.95190848734532
20,nDCG@10,0.5114397556589976,0.7654671039995544,0.5259200450269614,0.25402734834055685,149.6690657168876
21,nDCG@10,0.3936948167222715,0.19092086617893467,0.11706259313796354,-0.20277395054333686,48.49463545607665
22,nDCG@10,0.4573973988771914,0.44927383782962327,0.5375811193822125,-0.008123561047568117,98.2239599377894
23,nDCG@10,0.6274092458891772,0.6136525857537393,0.5473983622993502,-0.01375666013543797,97.80738645061857
24,nDCG@10,0.7923823825200124,0.8331636716948344,0.7618870795651185,0.040781289174822044,105.14666783038832
25,nDCG@10,1.0,1.0,0.9930783166417602,0.0,100.0
26,nDCG@10,0.8318724637288826,0.8048099750039491,0.8318724637288826,-0.027062488724933442,96.74679834891693
27,nDCG@10,0.6134433136321192,0.5666867828578932,0.6174111208209189,-0.046756530774226035,92.37801933199229
28,nDCG@10,0.6534974049045721,0.43451295109244287,0.28946531669289394,-0.21898445381212922,66.49038662301854
29,nDCG@10,0.4912596920895758,0.5296347172140421,0.4856637624942473,0.03837502512446628,107.8115558313441
30,nDCG@10,0.715696758318853,0.6760236910196463,0.5855700749881525,-0.03967306729920672,94.45672111294769
31,nDCG@10,0.6166396654137294,0.6913628197251253,0.6291031399287498,0.07472315431139587,112.11779885441864
32,nDCG@10,0.8756458727267334,0.7486761295186739,0.8547529378296287,-0.12696974320805954,85.49987533057401
0,P@20,0.1,0.1,0.2,0.0,100.0
1,P@20,0.05,0.05,0.05,0.0,100.0
2,P@20,0.2,0.2,0.2,0.0,100.0
3,P@20,0.2,0.2,0.2,0.0,100.0
4,P@20,0.15,0.1,0.1,-0.04999999999999999,66.66666666666667
5,P@20,0.4,0.4,0.4,0.0,100.0
6,P@20,0.35,0.35,0.3,0.0,100.0
7,P@20,0.25,0.25,0.25,0.0,100.0
8,P@20,0.2,0.2,0.25,0.0,100.0
9,P@20,0.25,0.25,0.25,0.0,100.0
11,P@20,0.2,0.2,0.2,0.0,100.0
13,P@20,0.2,0.25,0.2,0.04999999999999999,125.0
15,P@20,0.3,0.2,0.2,-0.09999999999999998,66.66666666666667
16,P@20,0.4,0.4,0.4,0.0,100.0
17,P@20,0.15,0.15,0.15,0.0,100.0
18,P@20,0.25,0.25,0.25,0.0,100.0
19,P@20,0.3,0.3,0.3,0.0,100.0
20,P@20,0.4,0.4,0.4,0.0,100.0
21,P@20,0.15,0.05,0.05,-0.09999999999999999,33.333333333333336
22,P@20,0.15,0.15,0.15,0.0,100.0
23,P@20,0.25,0.3,0.3,0.04999999999999999,120.0
24,P@20,0.25,0.3,0.3,0.04999999999999999,120.0
25,P@20,0.3,0.3,0.3,0.0,100.0
26,P@20,0.15,0.2,0.2,0.05000000000000002,133.33333333333334
27,P@20,0.25,0.3,0.3,0.04999999999999999,120.0
28,P@20,0.35,0.3,0.3,-0.04999999999999999,85.71428571428572
29,P@20,0.15,0.15,0.15,0.0,100.0
30,P@20,0.15,0.15,0.15,0.0,100.0
31,P@20,0.3,0.3,0.3,0.0,100.0
32,P@20,0.2,0.2,0.2,0.0,100.0
0,R@20,0.14285714285714285,0.14285714285714285,0.2857142857142857,0.0,100.0
1,R@20,0.2,0.2,0.2,0.0,100.0
2,R@20,1.0,1.0,1.0,0.0,100.0
3,R@20,0.5714285714285714,0.5714285714285714,0.5714285714285714,0.0,100.0
4,R@20,0.6,0.4,0.4,-0.19999999999999996,66.66666666666667
5,R@20,0.7272727272727273,0.7272727272727273,0.7272727272727273,0.0,100.0
6,R@20,1.0,1.0,0.8571428571428571,0.0,100.0
7,R@20,0.8333333333333334,0.8333333333333334,0.8333333333333334,0.0,100.0
8,R@20,0.6666666666666666,0.6666666666666666,0.8333333333333334,0.0,100.0
9,R@20,1.0,1.0,1.0,0.0,100.0
11,R@20,1.0,1.0,1.0,0.0,100.0
13,R@20,0.6666666666666666,0.8333333333333334,0.6666666666666666,0.16666666666666674,125.00000000000003
15,R@20,0.8571428571428571,0.5714285714285714,0.5714285714285714,-0.2857142857142857,66.66666666666666
16,R@20,0.7272727272727273,0.7272727272727273,0.7272727272727273,0.0,100.0
17,R@20,0.42857142857142855,0.42857142857142855,0.42857142857142855,0.0,100.0
18,R@20,1.0,1.0,1.0,0.0,100.0
19,R@20,1.0,1.0,1.0,0.0,100.0
20,R@20,0.8888888888888888,0.8888888888888888,0.8888888888888888,0.0,100.0
21,R@20,0.5,0.16666666666666666,0.16666666666666666,-0.33333333333333337,33.33333333333333
22,R@20,0.75,0.75,0.75,0.0,100.0
23,R@20,0.5,0.6,0.6,0.09999999999999998,120.0
24,R@20,0.8333333333333334,1.0,1.0,0.16666666666666663,120.0
25,R@20,1.0,1.0,1.0,0.0,100.0
26,R@20,0.75,1.0,1.0,0.25,133.33333333333331
27,R@20,0.7142857142857143,0.8571428571428571,0.8571428571428571,0.1428571428571428,120.0
28,R@20,1.0,0.8571428571428571,0.8571428571428571,-0.1428571428571429,85.71428571428571
29,R@20,0.6,0.6,0.6,0.0,100.0
30,R@20,0.75,0.75,0.75,0.0,100.0
31,R@20,0.75,0.75,0.75,0.0,100.0
32,R@20,1.0,1.0,1.0,0.0,100.0
0,F1@20,0.11764705882352941,0.11764705882352941,0.23529411764705882,0.0,100.0
1,F1@20,0.08000000000000002,0.08000000000000002,0.08000000000000002,0.0,100.0
2,F1@20,0.33333333333333337,0.33333333333333337,0.33333333333333337,0.0,100.0
3,F1@20,0.29629629629629634,0.29629629629629634,0.29629629629629634,0.0,100.0
4,F1@20,0.24,0.16000000000000003,0.16000000000000003,-0.07999999999999996,66.66666666666669
5,F1@20,0.5161290322580645,0.5161290322580645,0.5161290322580645,0.0,100.0
6,F1@20,0.5185185185185185,0.5185185185185185,0.4444444444444444,0.0,100.0
7,F1@20,0.3846153846153846,0.3846153846153846,0.3846153846153846,0.0,100.0
8,F1@20,0.30769230769230765,0.30769230769230765,0.3846153846153846,0.0,100.0
9,F1@20,0.4,0.4,0.4,0.0,100.0
11,F1@20,0.33333333333333337,0.33333333333333337,0.33333333333333337,0.0,100.0
13,F1@20,0.30769230769230765,0.3846153846153846,0.30769230769230765,0.07692307692307693,125.0
15,F1@20,0.4444444444444444,0.29629629629629634,0.29629629629629634,-0.14814814814814808,66.66666666666667
16,F1@20,0.5161290322580645,0.5161290322580645,0.5161290322580645,0.0,100.0
17,F1@20,0.2222222222222222,0.2222222222222222,0.2222222222222222,0.0,100.0
18,F1@20,0.4,0.4,0.4,0.0,100.0
19,F1@20,0.4615384615384615,0.4615384615384615,0.4615384615384615,0.0,100.0
20,F1@20,0.5517241379310346,0.5517241379310346,0.5517241379310346,0.0,100.0
21,F1@20,0.23076923076923075,0.07692307692307691,0.07692307692307691,-0.15384615384615385,33.33333333333333
22,F1@20,0.24999999999999997,0.24999999999999997,0.24999999999999997,0.0,100.0
23,F1@20,0.3333333333333333,0.4,0.4,0.06666666666666671,120.00000000000001
24,F1@20,0.3846153846153846,0.4615384615384615,0.4615384615384615,0.07692307692307693,120.0
25,F1@20,0.4615384615384615,0.4615384615384615,0.4615384615384615,0.0,100.0
26,F1@20,0.24999999999999997,0.33333333333333337,0.33333333333333337,0.0833333333333334,133.33333333333337
27,F1@20,0.37037037037037035,0.4444444444444444,0.4444444444444444,0.07407407407407407,120.0
28,F1@20,0.5185185185185185,0.4444444444444444,0.4444444444444444,-0.07407407407407407,85.71428571428571
29,F1@20,0.24,0.24,0.24,0.0,100.0
30,F1@20,0.24999999999999997,0.24999999999999997,0.24999999999999997,0.0,100.0
31,F1@20,0.4285714285714285,0.4285714285714285,0.4285714285714285,0.0,100.0
32,F1@20,0.33333333333333337,0.33333333333333337,0.33333333333333337,0.0,100.0
0,nDCG@20,0.247151452329357,0.2376137309262018,0.32382259040358624,-0.009537721403155203,96.14094057984934
1,nDCG@20,0.3391602052736161,0.14606834984270645,0.09803928583135704,-0.19309185543090968,43.06765580733931
2,nDCG@20,0.9828920819566879,0.8927537907700456,0.7315682114753617,-0.0901382911866423,90.82927893699176
3,nDCG@20,0.631315484925653,0.5936798407326767,0.5338456138360194,-0.03763564419297638,94.03853618489833
4,nDCG@20,0.34140313762622626,0.5087403079104241,0.5531464700081437,0.16733717028419787,149.01453790017632
5,nDCG@20,0.8106156885134234,0.8083536503044675,0.8197952605303637,-0.0022620382089558744,99.72094813349786
6,nDCG@20,0.847837690057094,0.8831694523315587,0.8390879934323361,0.03533176227446477,104.16727903097649
7,nDCG@20,0.5885855878626811,0.5469405339889141,0.4758426178727888,-0.041645053873767046,92.92455426491296
8,nDCG@20,0.38948660940128865,0.4808505802895283,0.6511191509654378,0.09136397088823967,123.45753838076297
9,nDCG@20,0.6306870103388195,0.6829995892528345,0.8054803265931949,0.052312578914015084,108.29453882138964
11,nDCG@20,0.801479410942855,0.6363424513674679,0.7734446236585042,-0.1651369595753871,79.39598231461478
13,nDCG@20,0.6761654685931913,0.7518780706786133,0.6582592306673591,0.07571260208542208,111.19734822349731
15,nDCG@20,0.5483366395737473,0.4097225574171969,0.43331321714210663,-0.13861408215655047,74.72098850364934
16,nDCG@20,0.8168020258417209,0.8197952605303637,0.8168020258417209,0.002993234688642765,100.36645779441575
17,nDCG@20,0.4129912453443371,0.2928710781798379,0.27148561750039013,-0.12012016716449925,70.91459721758814
18,nDCG@20,0.6071752575447179,0.6132355269353261,0.6306870103388195,0.0060602693906082195,100.99810875283598
19,nDCG@20,0.9541727122059144,0.9001715370445234,0.7400213789045436,-0.054001175161391024,94.34052405077192
20,nDCG@20,0.7510129238850678,0.8256288985680241,0.7107229682958326,0.07461597468295633,109.93537824848075
21,nDCG@20,0.47114833278411083,0.19092086617893467,0.11706259313796354,-0.28022746660517617,40.52245394794133
22,nDCG@20,0.4573973988771914,0.44927383782962327,0.5375811193822125,-0.008123561047568117,98.2239599377894
23,nDCG@20,0.6274092458891772,0.6637609329229748,0.6575781860184935,0.03635168703379754,105.79393550094711
24,nDCG@20,0.7923823825200124,0.9031792774280204,0.9056902160796163,0.11079689490800804,113.98275597138353
25,nDCG@20,1.0,1.0,0.9930783166417602,0.0,100.0
26,nDCG@20,0.8318724637288826,0.8984279776915455,0.9294674762269081,0.0665555139626629,108.00068722846368
27,nDCG@20,0.6838001168718264,0.7800447422286807,0.7542743567989295,0.0962446253568543,114.07496474220326
28,nDCG@20,0.7897729795416583,0.5854698379878432,0.5037455777884452,-0.20430314155381502,74.13140904461159
29,nDCG@20,0.4912596920895758,0.5296347172140421,0.4856637624942473,0.03837502512446628,107.8115558313441
30,nDCG@20,0.715696758318853,0.6760236910196463,0.6944638360563847,-0.03967306729920672,94.45672111294769
31,nDCG@20,0.6830749486867057,0.7597175888969151,0.7660950057926946,0.07664264021020939,111.22023876846372
32,nDCG@20,0.8756458727267334,0.7486761295186739,0.8547529378296287,-0.12696974320805954,85.49987533057401
0,P@50,0.06,0.08,0.1,0.020000000000000004,133.33333333333334
1,P@50,0.04,0.02,0.02,-0.02,50.0
2,P@50,0.08,0.08,0.08,0.0,100.0
3,P@50,0.08,0.08,0.08,0.0,100.0
4,P@50,0.08,0.08,0.08,0.0,100.0
5,P@50,0.18,0.18,0.2,0.0,100.0
6,P@50,0.14,0.14,0.14,0.0,100.0
7,P@50,0.12,0.12,0.12,0.0,100.0
8,P@50,0.08,0.12,0.12,0.039999999999999994,150.0
9,P@50,0.1,0.1,0.1,0.0,100.0
11,P@50,0.08,0.08,0.08,0.0,100.0
13,P@50,0.1,0.1,0.1,0.0,100.0
15,P@50,0.14,0.14,0.14,0.0,100.0
16,P@50,0.16,0.16,0.16,0.0,100.0
17,P@50,0.12,0.12,0.12,0.0,100.0
18,P@50,0.1,0.1,0.1,0.0,100.0
19,P@50,0.12,0.12,0.12,0.0,100.0
20,P@50,0.16,0.18,0.16,0.01999999999999999,112.5
21,P@50,0.08,0.08,0.08,0.0,100.0
22,P@50,0.08,0.06,0.06,-0.020000000000000004,75.0
23,P@50,0.16,0.16,0.16,0.0,100.0
24,P@50,0.12,0.12,0.12,0.0,100.0
25,P@50,0.12,0.12,0.12,0.0,100.0
26,P@50,0.08,0.08,0.08,0.0,100.0
27,P@50,0.12,0.12,0.12,0.0,100.0
28,P@50,0.14,0.14,0.14,0.0,100.0
29,P@50,0.06,0.08,0.06,0.020000000000000004,133.33333333333334
30,P@50,0.06,0.08,0.08,0.020000000000000004,133.33333333333334
31,P@50,0.12,0.12,0.12,0.0,100.0
32,P@50,0.08,0.08,0.08,0.0,100.0
0,R@50,0.21428571428571427,0.2857142857142857,0.35714285714285715,0.07142857142857142,133.33333333333331
1,R@50,0.4,0.2,0.2,-0.2,50.0
2,R@50,1.0,1.0,1.0,0.0,100.0
3,R@50,0.5714285714285714,0.5714285714285714,0.5714285714285714,0.0,100.0
4,R@50,0.8,0.8,0.8,0.0,100.0
5,R@50,0.8181818181818182,0.8181818181818182,0.9090909090909091,0.0,100.0
6,R@50,1.0,1.0,1.0,0.0,100.0
7,R@50,1.0,1.0,1.0,0.0,100.0
8,R@50,0.6666666666666666,1.0,1.0,0.33333333333333337,150.0
9,R@50,1.0,1.0,1.0,0.0,100.0
11,R@50,1.0,1.0,1.0,0.0,100.0
13,R@50,0.8333333333333334,0.8333333333333334,0.8333333333333334,0.0,100.0
15,R@50,1.0,1.0,1.0,0.0,100.0
16,R@50,0.7272727272727273,0.7272727272727273,0.7272727272727273,0.0,100.0
17,R@50,0.8571428571428571,0.8571428571428571,0.8571428571428571,0.0,100.0
18,R@50,1.0,1.0,1.0,0.0,100.0
19,R@50,1.0,1.0,1.0,0.0,100.0
20,R@50,0.8888888888888888,1.0,0.8888888888888888,0.11111111111111116,112.5
21,R@50,0.6666666666666666,0.6666666666666666,0.6666666666666666,0.0,100.0
22,R@50,1.0,0.75,0.75,-0.25,75.0
23,R@50,0.8,0.8,0.8,0.0,100.0
24,R@50,1.0,1.0,1.0,0.0,100.0
25,R@50,1.0,1.0,1.0,0.0,100.0
26,R@50,1.0,1.0,1.0,0.0,100.0
27,R@50,0.8571428571428571,0.8571428571428571,0.8571428571428571,0.0,100.0
28,R@50,1.0,1.0,1.0,0.0,100.0
29,R@50,0.6,0.8,0.6,0.20000000000000007,133.33333333333334
30,R@50,0.75,1.0,1.0,0.25,133.33333333333331
31,R@50,0.75,0.75,0.75,0.0,100.0
32,R@50,1.0,1.0,1.0,0.0,100.0
0,F1@50,0.09375,0.125,0.15625,0.03125,133.33333333333331
1,F1@50,0.07272727272727272,0.03636363636363636,0.03636363636363636,-0.03636363636363636,50.0
2,F1@50,0.14814814814814814,0.14814814814814814,0.14814814814814814,0.0,100.0
3,F1@50,0.14035087719298248,0.14035087719298248,0.14035087719298248,0.0,100.0
4,F1@50,0.14545454545454545,0.14545454545454545,0.14545454545454545,0.0,100.0
5,F1@50,0.29508196721311475,0.29508196721311475,0.32786885245901637,0.0,100.0
6,F1@50,0.24561403508771928,0.24561403508771928,0.24561403508771928,0.0,100.0
7,F1@50,0.21428571428571425,0.21428571428571425,0.21428571428571425,0.0,100.0
8,F1@50,0.14285714285714285,0.21428571428571425,0.21428571428571425,0.0714285714285714,149.99999999999997
9,F1@50,0.18181818181818182,0.18181818181818182,0.18181818181818182,0.0,100.0
11,F1@50,0.14814814814814814,0.14814814814814814,0.14814814814814814,0.0,100.0
13,F1@50,0.17857142857142858,0.17857142857142858,0.17857142857142858,0.0,100.0
15,F1@50,0.24561403508771928,0.24561403508771928,0.24561403508771928,0.0,100.0
16,F1@50,0.2622950819672131,0.2622950819672131,0.2622950819672131,0.0,100.0
17,F1@50,0.21052631578947367,0.21052631578947367,0.21052631578947367,0.0,100.0
18,F1@50,0.18181818181818182,0.18181818181818182,0.18181818181818182,0.0,100.0
19,F1@50,0.21428571428571425,0.21428571428571425,0.21428571428571425,0.0,100.0
20,F1@50,0.27118644067796616,0.3050847457627119,0.27118644067796616,0.03389830508474573,112.49999999999997
21,F1@50,0.14285714285714285,0.14285714285714285,0.14285714285714285,0.0,100.0
22,F1@50,0.14814814814814814,0.1111111111111111,0.1111111111111111,-0.037037037037037035,75.0
23,F1@50,0.26666666666666666,0.26666666666666666,0.26666666666666666,0.0,100.0
24,F1@50,0.21428571428571425,0.21428571428571425,0.21428571428571425,0.0,100.0
25,F1@50,0.21428571428571425,0.21428571428571425,0.21428571428571425,0.0,100.0
26,F1@50,0.14814814814814814,0.14814814814814814,0.14814814814814814,0.0,100.0
27,F1@50,0.21052631578947367,0.21052631578947367,0.21052631578947367,0.0,100.0
28,F1@50,0.24561403508771928,0.24561403508771928,0.24561403508771928,0.0,100.0
29,F1@50,0.1090909090909091,0.14545454545454545,0.1090909090909091,0.03636363636363635,133.33333333333331
30,F1@50,0.1111111111111111,0.14814814814814814,0.14814814814814814,0.037037037037037035,133.33333333333331
31,F1@50,0.20689655172413793,0.20689655172413793,0.20689655172413793,0.0,100.0
32,F1@50,0.14814814814814814,0.14814814814814814,0.14814814814814814,0.0,100.0
0,nDCG@50,0.27872743375098225,0.3119608157561685,0.35829316747093903,0.033233382005186274,111.92325475750525
1,nDCG@50,0.40288902671324406,0.14606834984270645,0.09803928583135704,-0.2568206768705376,36.25523162899904
2,nDCG@50,0.9828920819566879,0.8927537907700456,0.7315682114753617,-0.0901382911866423,90.82927893699176
3,nDCG@50,0.631315484925653,0.5936798407326767,0.5338456138360194,-0.03763564419297638,94.03853618489833
4,nDCG@50,0.40246259933079154,0.6442003732153501,0.6807695501381804,0.24173777388455853,160.06465551992068
5,nDCG@50,0.8528748799248329,0.8475864693649822,0.897980173710198,-0.0052884105598507425,99.37993125552991
6,nDCG@50,0.847837690057094,0.8831694523315587,0.8998534556023046,0.03533176227446477,104.16727903097649
7,nDCG@50,0.6471168844316629,0.6129394191381858,0.5418415030220606,-0.034177465293477094,94.7185020023865
8,nDCG@50,0.38948660940128865,0.6088683382834353,0.7180138716387408,0.2193817288821467,156.3258719521516
9,nDCG@50,0.6306870103388195,0.6829995892528345,0.8054803265931949,0.052312578914015084,108.29453882138964
11,nDCG@50,0.801479410942855,0.6363424513674679,0.7734446236585042,-0.1651369595753871,79.39598231461478
13,nDCG@50,0.7330250142509983,0.7518780706786133,0.7251539513406621,0.018853056427615034,102.5719526702481
15,nDCG@50,0.5999864040976907,0.5796747953126138,0.5935630982990832,-0.020311608785076873,96.61465515779093
16,nDCG@50,0.8168020258417209,0.8197952605303637,0.8168020258417209,0.002993234688642765,100.36645779441575
17,nDCG@50,0.5896918429154235,0.463169416470764,0.4391055252085177,-0.12652242644465955,78.54431463404082
18,nDCG@50,0.6071752575447179,0.6132355269353261,0.6306870103388195,0.0060602693906082195,100.99810875283598
19,nDCG@50,0.9541727122059144,0.9001715370445234,0.7400213789045436,-0.054001175161391024,94.34052405077192
20,nDCG@50,0.7510129238850678,0.8672751669191436,0.7107229682958326,0.11626224303407584,115.48072467683235
21,nDCG@50,0.5371472179333826,0.37437493498078356,0.2950507139333106,-0.16277228295259905,69.69689546585603
22,nDCG@50,0.5262180578471025,0.44927383782962327,0.5375811193822125,-0.07694422001747925,85.37788301445252
23,nDCG@50,0.7580116386709577,0.7471829548475596,0.740009440832263,-0.010828683823398078,98.57143567843045
24,nDCG@50,0.8546721308336257,0.9031792774280204,0.9056902160796163,0.0485071465943947,105.67552688854872
25,nDCG@50,1.0,1.0,0.9930783166417602,0.0,100.0
26,nDCG@50,0.9033780850575628,0.8984279776915455,0.9294674762269081,-0.004950107366017309,99.45204478081823
27,nDCG@50,0.733286467752913,0.7800447422286807,0.7542743567989295,0.04675827447576775,106.3765358467686
28,nDCG@50,0.7897729795416583,0.6454215459616939,0.5629369742661267,-0.14435143357996438,81.722414248239
29,nDCG@50,0.4912596920895758,0.5933635386536701,0.4856637624942473,0.10210384656409427,120.78408796980575
30,nDCG@50,0.715696758318853,0.7548215475304265,0.7807630961934954,0.039124789211573474,105.46667129015314
31,nDCG@50,0.6830749486867057,0.7597175888969151,0.7660950057926946,0.07664264021020939,111.22023876846372
32,nDCG@50,0.8756458727267334,0.7486761295186739,0.8547529378296287,-0.12696974320805954,85.49987533057401
0,AP,0.1358185432201369,0.14237299510061766,0.16016092385633715,0.0065544518804807606,104.82588881096832
1,AP,0.23000169954360458,0.06604672620045882,0.035220621385388534,-0.16395497334314577,28.715755723334308
2,AP,0.95,0.7708333333333333,0.6083333333333333,-0.1791666666666667,81.14035087719299
3,AP,0.4435421180068816,0.3854029641864248,0.29948036842584297,-0.05813915382045681,86.89207823561081
4,AP,0.16340862036514212,0.3859540229885058,0.4399210487553395,0.22254540262336367,236.1895119890728
5,AP,0.7463949843260188,0.7377944794130805,0.7851559501573575,-0.00860050491293829,98.84772739721657
6,AP,0.610204081632653,0.6956916099773244,0.7156926406926407,0.08548752834467133,114.00966183574882
7,AP,0.4001623376623376,0.34318064182194613,0.2827924554469177,-0.05698169584039148,85.76035511655937
8,AP,0.1946407904308396,0.3329059829059829,0.4181397306397307,0.1382651924751433,171.03608250310313
9,AP,0.45777777777777773,0.49120879120879113,0.5686979686979686,0.0334310134310134,107.30289128347381
11,AP,0.5821428571428572,0.423051948051948,0.5346590909090909,-0.15909090909090917,72.67150027886224
13,AP,0.486492673992674,0.5243791296422875,0.49051995363470763,0.037886455649613515,107.78767238952997
15,AP,0.36849816849816847,0.31055025981134354,0.3311731710227951,-0.05794790868682492,84.27457348757137
16,AP,0.7435833490181317,0.757619900061831,0.7431780248237353,0.014036551043699275,101.88769033925166
17,AP,0.2901384368288938,0.20120781828856363,0.1808894830687506,-0.08893061854033016,69.348901334029
18,AP,0.4411111111111111,0.45539682539682536,0.45777777777777773,0.014285714285714235,103.23857502698812
19,AP,0.861111111111111,0.7861111111111111,0.5847582972582972,-0.07499999999999996,91.29032258064517
20,AP,0.5075375891165366,0.6575774754346183,0.5500647500647502,0.15003988631808174,129.56232002032678
21,AP,0.2875729899319169,0.15582359305689708,0.10334487800589498,-0.1317493968750198,54.185754056313996
22,AP,0.28041666666666665,0.28297619047619044,0.35064655172413794,0.0025595238095237893,100.91275737635321
23,AP,0.5323571344409096,0.5230093393289519,0.5135848293863,-0.009347795111957713,98.24407441786708
24,AP,0.6644179894179895,0.731203007518797,0.7379084967320261,0.0667850181008075,110.05165711411715
25,AP,1.0,1.0,0.9761904761904762,0.0,100.0
26,AP,0.7732558139534884,0.7463235294117647,0.8166666666666667,-0.026932284541723694,96.51702786377709
27,AP,0.4817398119640814,0.5525004596433168,0.5229846269216347,0.07076064767923546,114.68856131917771
28,AP,0.5524743230625583,0.40915028725587727,0.31759431045145325,-0.14332403580668102,74.05779240342143
29,AP,0.3377354548376728,0.40635241951031426,0.3185100845803513,0.06861696467264145,120.31677861763761
30,AP,0.5404761904761904,0.49166666666666664,0.5303030303030303,-0.0488095238095238,90.96916299559471
31,AP,0.4555913209689013,0.5784680823248168,0.581670124134239,0.12287676135591552,126.97083014983576
32,AP,0.7333333333333333,0.6458333333333333,0.6845238095238095,-0.08750000000000002,88.06818181818181
0,MRR,1.0,1.0,1.0,0.0,100.0
1,MRR,1.0,0.25,0.1,-0.75,25.0
2,MRR,1.0,1.0,0.5,0.0,100.0
3,MRR,1.0,1.0,1.0,0.0,100.0
4,MRR,0.3333333333333333,1.0,1.0,0.6666666666666667,300.0
5,MRR,1.0,1.0,1.0,0.0,100.0
6,MRR,1.0,1.0,1.0,0.0,100.0
7,MRR,0.5,0.5,0.25,0.0,100.0
8,MRR,0.3333333333333333,0.5,1.0,0.16666666666666669,150.0
9,MRR,0.3333333333333333,0.5,1.0,0.16666666666666669,150.0
11,MRR,1.0,0.5,1.0,-0.5,50.0
13,MRR,1.0,1.0,1.0,0.0,100.0
15,MRR,0.25,0.3333333333333333,0.3333333333333333,0.08333333333333331,133.33333333333331
16,MRR,1.0,1.0,1.0,0.0,100.0
17,MRR,1.0,0.3333333333333333,0.25,-0.6666666666666667,33.33333333333333
18,MRR,0.25,0.25,0.3333333333333333,0.0,100.0
19,MRR,1.0,1.0,0.5,0.0,100.0
20,MRR,1.0,1.0,0.5,0.0,100.0
21,MRR,1.0,0.5,0.2,-0.5,50.0
22,MRR,0.3333333333333333,0.25,0.5,-0.08333333333333331,75.0
23,MRR,1.0,1.0,1.0,0.0,100.0
24,MRR,1.0,1.0,1.0,0.0,100.0
25,MRR,1.0,1.0,1.0,0.0,100.0
26,MRR,1.0,1.0,1.0,0.0,100.0
27,MRR,1.0,1.0,1.0,0.0,100.0
28,MRR,1.0,0.5,0.25,-0.5,50.0
29,MRR,0.5,0.5,0.5,0.0,100.0
30,MRR,1.0,1.0,1.0,0.0,100.0
31,MRR,1.0,1.0,1.0,0.0,100.0
32,MRR,1.0,0.5,1.0,-0.5,50.0
