doc_id,metric,tfidf,bbidf,diff,improvement_pct
0,P@5,0.2,0.2,0.0,0.0
1,P@5,0.0,0.2,0.2,
2,P@5,0.6,0.6,0.0,0.0
3,P@5,0.4,0.4,0.0,0.0
4,P@5,0.4,0.4,0.0,0.0
5,P@5,1.0,1.0,0.0,0.0
6,P@5,0.6,0.6,0.0,0.0
7,P@5,0.4,0.4,0.0,0.0
8,P@5,0.2,0.4,0.2,100.0
9,P@5,0.4,0.4,0.0,0.0
11,P@5,0.4,0.4,0.0,0.0
13,P@5,0.6,0.4,-0.19999999999999996,-33.33333333333333
15,P@5,0.4,0.2,-0.2,-50.0
16,P@5,1.0,1.0,0.0,0.0
17,P@5,0.2,0.2,0.0,0.0
18,P@5,0.4,0.4,0.0,0.0
19,P@5,0.6,0.8,0.20000000000000007,33.33333333333335
20,P@5,0.8,0.6,-0.20000000000000007,-25.000000000000007
21,P@5,0.2,0.2,0.0,0.0
22,P@5,0.4,0.4,0.0,0.0
23,P@5,0.6,0.6,0.0,0.0
24,P@5,0.8,0.6,-0.20000000000000007,-25.000000000000007
25,P@5,1.0,1.0,0.0,0.0
26,P@5,0.6,0.6,0.0,0.0
27,P@5,0.6,0.6,0.0,0.0
28,P@5,0.2,0.2,0.0,0.0
29,P@5,0.4,0.6,0.19999999999999996,49.999999999999986
30,P@5,0.4,0.4,0.0,0.0
31,P@5,0.6,0.6,0.0,0.0
32,P@5,0.4,0.6,0.19999999999999996,49.999999999999986
0,R@5,0.07142857142857142,0.07142857142857142,0.0,0.0
1,R@5,0.0,0.2,0.2,
2,R@5,0.75,0.75,0.0,0.0
3,R@5,0.2857142857142857,0.2857142857142857,0.0,0.0
4,R@5,0.4,0.4,0.0,0.0
5,R@5,0.45454545454545453,0.45454545454545453,0.0,0.0
6,R@5,0.42857142857142855,0.42857142857142855,0.0,0.0
7,R@5,0.3333333333333333,0.3333333333333333,0.0,0.0
8,R@5,0.16666666666666666,0.3333333333333333,0.16666666666666666,100.0
9,R@5,0.4,0.4,0.0,0.0
11,R@5,0.5,0.5,0.0,0.0
13,R@5,0.5,0.3333333333333333,-0.16666666666666669,-33.333333333333336
15,R@5,0.2857142857142857,0.14285714285714285,-0.14285714285714285,-50.0
16,R@5,0.45454545454545453,0.45454545454545453,0.0,0.0
17,R@5,0.14285714285714285,0.14285714285714285,0.0,0.0
18,R@5,0.4,0.4,0.0,0.0
19,R@5,0.5,0.6666666666666666,0.16666666666666663,33.33333333333333
20,R@5,0.4444444444444444,0.3333333333333333,-0.1111111111111111,-25.0
21,R@5,0.16666666666666666,0.16666666666666666,0.0,0.0
22,R@5,0.5,0.5,0.0,0.0
23,R@5,0.3,0.3,0.0,0.0
24,R@5,0.6666666666666666,0.5,-0.16666666666666663,-24.999999999999993
25,R@5,0.8333333333333334,0.8333333333333334,0.0,0.0
26,R@5,0.75,0.75,0.0,0.0
27,R@5,0.42857142857142855,0.42857142857142855,0.0,0.0
28,R@5,0.14285714285714285,0.14285714285714285,0.0,0.0
29,R@5,0.4,0.6,0.19999999999999996,49.999999999999986
30,R@5,0.5,0.5,0.0,0.0
31,R@5,0.375,0.375,0.0,0.0
32,R@5,0.5,0.75,0.25,50.0
0,F1@5,0.10526315789473682,0.10526315789473682,0.0,0.0
1,F1@5,0.0,0.20000000000000004,0.20000000000000004,
2,F1@5,0.6666666666666665,0.6666666666666665,0.0,0.0
3,F1@5,0.3333333333333333,0.3333333333333333,0.0,0.0
4,F1@5,0.4000000000000001,0.4000000000000001,0.0,0.0
5,F1@5,0.625,0.625,0.0,0.0
6,F1@5,0.5,0.5,0.0,0.0
7,F1@5,0.3636363636363636,0.3636363636363636,0.0,0.0
8,F1@5,0.1818181818181818,0.3636363636363636,0.1818181818181818,100.0
9,F1@5,0.4000000000000001,0.4000000000000001,0.0,0.0
11,F1@5,0.4444444444444445,0.4444444444444445,0.0,0.0
13,F1@5,0.5454545454545454,0.3636363636363636,-0.18181818181818182,-33.333333333333336
15,F1@5,0.3333333333333333,0.16666666666666666,-0.16666666666666666,-50.0
16,F1@5,0.625,0.625,0.0,0.0
17,F1@5,0.16666666666666666,0.16666666666666666,0.0,0.0
18,F1@5,0.4000000000000001,0.4000000000000001,0.0,0.0
19,F1@5,0.5454545454545454,0.7272727272727272,0.18181818181818177,33.33333333333333
20,F1@5,0.5714285714285714,0.42857142857142855,-0.14285714285714285,-25.0
21,F1@5,0.1818181818181818,0.1818181818181818,0.0,0.0
22,F1@5,0.4444444444444445,0.4444444444444445,0.0,0.0
23,F1@5,0.4,0.4,0.0,0.0
24,F1@5,0.7272727272727272,0.5454545454545454,-0.18181818181818177,-24.999999999999996
25,F1@5,0.9090909090909091,0.9090909090909091,0.0,0.0
26,F1@5,0.6666666666666665,0.6666666666666665,0.0,0.0
27,F1@5,0.5,0.5,0.0,0.0
28,F1@5,0.16666666666666666,0.16666666666666666,0.0,0.0
29,F1@5,0.4000000000000001,0.6,0.1999999999999999,49.999999999999964
30,F1@5,0.4444444444444445,0.4444444444444445,0.0,0.0
31,F1@5,0.4615384615384615,0.4615384615384615,0.0,0.0
32,F1@5,0.4444444444444445,0.6666666666666665,0.22222222222222204,49.99999999999996
0,nDCG@5,0.3391602052736161,0.3391602052736161,0.0,0.0
1,nDCG@5,0.0,0.14606834984270645,0.14606834984270645,
2,nDCG@5,0.592512031964586,0.75369761125927,0.16118557929468402,27.20376475060644
3,nDCG@5,0.4703652827859579,0.5531464700081437,0.08278118722218575,17.599340396016373
4,nDCG@5,0.5531464700081437,0.5087403079104241,-0.044406162097719526,-8.027921085181248
5,nDCG@5,1.0,1.0,0.0,0.0
6,nDCG@5,0.7227265726449519,0.6843515475204855,-0.03837502512446633,-5.309757047402563
7,nDCG@5,0.27727342735504823,0.34519134224686937,0.06791791489182114,24.494923851773343
8,nDCG@5,0.3391602052736161,0.34519134224686937,0.006031136973253248,1.7782560805999197
9,nDCG@5,0.5087403079104241,0.36005461457723403,-0.1486856933331901,-29.226245890343282
11,nDCG@5,0.5413996682199069,0.3973220069685352,-0.14407766125137172,-26.612070473757647
13,nDCG@5,0.6548086577531307,0.5531464700081437,-0.10166218774498703,-15.52548008357499
15,nDCG@5,0.30078518014914984,0.16958010263680806,-0.13120507751234178,-43.62085839710632
16,nDCG@5,1.0,1.0,0.0,0.0
17,nDCG@5,0.14606834984270645,0.16958010263680806,0.023511752794101615,16.096404744368115
18,nDCG@5,0.30078518014914984,0.27727342735504823,-0.023511752794101615,-7.816792297560299
19,nDCG@5,0.5147714448836774,0.7860137352654724,0.2712422903817949,52.691790323196216
20,nDCG@5,0.6608397947263839,0.6843515475204855,0.02351175279410167,3.557859708469365
21,nDCG@5,0.13120507751234178,0.21398626473452756,0.08278118722218578,63.09297535714574
22,nDCG@5,0.4144299250118475,0.3191471544989227,-0.09528277051292477,-22.99128628566117
23,nDCG@5,0.7227265726449519,0.7227265726449519,0.0,0.0
24,nDCG@5,0.8539316501572937,0.7227265726449519,-0.13120507751234178,-15.364821937232787
25,nDCG@5,1.0,1.0,0.0,0.0
26,nDCG@5,0.8318724637288826,0.8048099750039491,-0.027062488724933442,-3.253201651083073
27,nDCG@5,0.6548086577531307,0.6992148198508501,0.044406162097719415,6.781547795976298
28,nDCG@5,0.14606834984270645,0.21398626473452756,0.06791791489182111,46.497352071792726
29,nDCG@5,0.38356636737133565,0.5296347172140421,0.14606834984270645,38.08163652192575
30,nDCG@5,0.5855700749881525,0.5585075862632192,-0.02706248872493333,-4.621562795107121
31,nDCG@5,0.7227265726449519,0.6992148198508501,-0.02351175279410178,-3.253201651083087
32,nDCG@5,0.5855700749881525,0.6096199500078984,0.02404987501974587,4.107087442990057
0,P@10,0.2,0.2,0.0,0.0
1,P@10,0.1,0.1,0.0,0.0
2,P@10,0.4,0.4,0.0,0.0
3,P@10,0.3,0.3,0.0,0.0
4,P@10,0.2,0.2,0.0,0.0
5,P@10,0.8,0.8,0.0,0.0
6,P@10,0.5,0.5,0.0,0.0
7,P@10,0.2,0.3,0.09999999999999998,49.999999999999986
8,P@10,0.3,0.3,0.0,0.0
9,P@10,0.3,0.4,0.10000000000000003,33.33333333333335
11,P@10,0.3,0.3,0.0,0.0
13,P@10,0.3,0.4,0.10000000000000003,33.33333333333335
15,P@10,0.4,0.4,0.0,0.0
16,P@10,0.8,0.8,0.0,0.0
17,P@10,0.2,0.2,0.0,0.0
18,P@10,0.5,0.5,0.0,0.0
19,P@10,0.5,0.6,0.09999999999999998,19.999999999999996
20,P@10,0.5,0.7,0.19999999999999996,39.99999999999999
21,P@10,0.1,0.1,0.0,0.0
22,P@10,0.3,0.3,0.0,0.0
23,P@10,0.4,0.5,0.09999999999999998,24.999999999999993
24,P@10,0.4,0.5,0.09999999999999998,24.999999999999993
25,P@10,0.6,0.6,0.0,0.0
26,P@10,0.3,0.3,0.0,0.0
27,P@10,0.4,0.3,-0.10000000000000003,-25.000000000000007
28,P@10,0.3,0.4,0.10000000000000003,33.33333333333335
29,P@10,0.3,0.3,0.0,0.0
30,P@10,0.2,0.3,0.09999999999999998,49.999999999999986
31,P@10,0.4,0.5,0.09999999999999998,24.999999999999993
32,P@10,0.4,0.4,0.0,0.0
0,R@10,0.14285714285714285,0.14285714285714285,0.0,0.0
1,R@10,0.2,0.2,0.0,0.0
2,R@10,1.0,1.0,0.0,0.0
3,R@10,0.42857142857142855,0.42857142857142855,0.0,0.0
4,R@10,0.4,0.4,0.0,0.0
5,R@10,0.7272727272727273,0.7272727272727273,0.0,0.0
6,R@10,0.7142857142857143,0.7142857142857143,0.0,0.0
7,R@10,0.3333333333333333,0.5,0.16666666666666669,50.000000000000014
8,R@10,0.5,0.5,0.0,0.0
9,R@10,0.6,0.8,0.20000000000000007,33.33333333333335
11,R@10,0.75,0.75,0.0,0.0
13,R@10,0.5,0.6666666666666666,0.16666666666666663,33.33333333333333
15,R@10,0.5714285714285714,0.5714285714285714,0.0,0.0
16,R@10,0.7272727272727273,0.7272727272727273,0.0,0.0
17,R@10,0.2857142857142857,0.2857142857142857,0.0,0.0
18,R@10,1.0,1.0,0.0,0.0
19,R@10,0.8333333333333334,1.0,0.16666666666666663,19.999999999999996
20,R@10,0.5555555555555556,0.7777777777777778,0.2222222222222222,40.0
21,R@10,0.16666666666666666,0.16666666666666666,0.0,0.0
22,R@10,0.75,0.75,0.0,0.0
23,R@10,0.4,0.5,0.09999999999999998,24.999999999999993
24,R@10,0.6666666666666666,0.8333333333333334,0.16666666666666674,25.00000000000001
25,R@10,1.0,1.0,0.0,0.0
26,R@10,0.75,0.75,0.0,0.0
27,R@10,0.5714285714285714,0.42857142857142855,-0.14285714285714285,-25.0
28,R@10,0.42857142857142855,0.5714285714285714,0.14285714285714285,33.33333333333333
29,R@10,0.6,0.6,0.0,0.0
30,R@10,0.5,0.75,0.25,50.0
31,R@10,0.5,0.625,0.125,25.0
32,R@10,1.0,1.0,0.0,0.0
0,F1@10,0.16666666666666666,0.16666666666666666,0.0,0.0
1,F1@10,0.13333333333333333,0.13333333333333333,0.0,0.0
2,F1@10,0.5714285714285715,0.5714285714285715,0.0,0.0
3,F1@10,0.3529411764705882,0.3529411764705882,0.0,0.0
4,F1@10,0.26666666666666666,0.26666666666666666,0.0,0.0
5,F1@10,0.761904761904762,0.761904761904762,0.0,0.0
6,F1@10,0.588235294117647,0.588235294117647,0.0,0.0
7,F1@10,0.25,0.37499999999999994,0.12499999999999994,49.99999999999998
8,F1@10,0.37499999999999994,0.37499999999999994,0.0,0.0
9,F1@10,0.4,0.5333333333333333,0.1333333333333333,33.33333333333333
11,F1@10,0.4285714285714285,0.4285714285714285,0.0,0.0
13,F1@10,0.37499999999999994,0.5,0.12500000000000006,33.33333333333336
15,F1@10,0.47058823529411764,0.47058823529411764,0.0,0.0
16,F1@10,0.761904761904762,0.761904761904762,0.0,0.0
17,F1@10,0.23529411764705882,0.23529411764705882,0.0,0.0
18,F1@10,0.6666666666666666,0.6666666666666666,0.0,0.0
19,F1@10,0.625,0.7499999999999999,0.12499999999999989,19.999999999999982
20,F1@10,0.5263157894736842,0.7368421052631577,0.21052631578947356,39.99999999999998
21,F1@10,0.125,0.125,0.0,0.0
22,F1@10,0.4285714285714285,0.4285714285714285,0.0,0.0
23,F1@10,0.4000000000000001,0.5,0.09999999999999992,24.999999999999975
24,F1@10,0.5,0.625,0.125,25.0
25,F1@10,0.7499999999999999,0.7499999999999999,0.0,0.0
26,F1@10,0.4285714285714285,0.4285714285714285,0.0,0.0
27,F1@10,0.47058823529411764,0.3529411764705882,-0.11764705882352944,-25.000000000000007
28,F1@10,0.3529411764705882,0.47058823529411764,0.11764705882352944,33.33333333333334
29,F1@10,0.4,0.4,0.0,0.0
30,F1@10,0.28571428571428575,0.4285714285714285,0.14285714285714274,49.99999999999995
31,F1@10,0.4444444444444445,0.5555555555555556,0.1111111111111111,24.999999999999996
32,F1@10,0.5714285714285715,0.5714285714285715,0.0,0.0
0,nDCG@10,0.28952298823485745,0.2934556883974402,0.003932700162582736,1.358337790915787
1,nDCG@10,0.09803928583135704,0.14606834984270645,0.048029064011349404,48.989610240497804
2,nDCG@10,0.7315682114753617,0.8927537907700456,0.1611855792946839,22.032884530291327
3,nDCG@10,0.46792684243864047,0.5277610693352978,0.059834226896657294,12.787090089729869
4,nDCG@10,0.5531464700081437,0.5087403079104241,-0.044406162097719526,-8.027921085181248
5,nDCG@10,0.8701249883466593,0.857980942822373,-0.012144045524286273,-1.3956667934984146
6,nDCG@10,0.7703689102037634,0.7441790405874917,-0.026189869616271677,-3.3996529804589892
7,nDCG@10,0.24738635904833417,0.3954551734183064,0.1480688143699722,59.85326553152538
8,nDCG@10,0.5058520011127917,0.39907586254035626,-0.10677613857243545,-21.108177557377534
9,nDCG@10,0.6217937096682962,0.5939193190346003,-0.0278743906336959,-4.482900068025109
11,nDCG@10,0.664550862590272,0.5274486902992358,-0.13710217229103616,-20.630801945940192
13,nDCG@10,0.5842273861585908,0.6818624649454273,0.09763507878683653,16.711828493492277
15,nDCG@10,0.43331321714210663,0.4097225574171969,-0.023590659724909757,-5.444251130971875
16,nDCG@10,0.866947989864271,0.8701249883466593,0.0031769984823882824,0.36645779441574944
17,nDCG@10,0.20112881426068294,0.22415199495126514,0.023023180690582207,11.44698275839377
18,nDCG@10,0.6306870103388195,0.6132355269353261,-0.01745148340349334,-2.7670592730486088
19,nDCG@10,0.6556125703220435,0.9001715370445234,0.2445589667224799,37.302360844355086
20,nDCG@10,0.5259200450269614,0.7654671039995544,0.23954705897259299,45.548189546628244
21,nDCG@10,0.11706259313796354,0.19092086617893467,0.07385827304097113,63.092975357145754
22,nDCG@10,0.5375811193822125,0.44927383782962327,-0.08830728155258927,-16.42678255777879
23,nDCG@10,0.5473983622993502,0.6136525857537393,0.06625422345438903,12.103474912874738
24,nDCG@10,0.7618870795651185,0.8331636716948344,0.07127659212971593,9.355269834789727
25,nDCG@10,0.9930783166417602,1.0,0.0069216833582398385,0.6969926985866054
26,nDCG@10,0.8318724637288826,0.8048099750039491,-0.027062488724933442,-3.253201651083073
27,nDCG@10,0.6174111208209189,0.5666867828578932,-0.05072433796302567,-8.215650196838348
28,nDCG@10,0.28946531669289394,0.43451295109244287,0.14504763439954893,50.1088130546003
29,nDCG@10,0.4856637624942473,0.5296347172140421,0.043970954719794786,9.053785378997805
30,nDCG@10,0.5855700749881525,0.6760236910196463,0.09045361603149382,15.447103582491629
31,nDCG@10,0.6291031399287498,0.6913628197251253,0.06225967979637548,9.896577499744605
32,nDCG@10,0.8547529378296287,0.7486761295186739,-0.10607680831095478,-12.410230326941358
0,P@20,0.2,0.1,-0.1,-50.0
1,P@20,0.05,0.05,0.0,0.0
2,P@20,0.2,0.2,0.0,0.0
3,P@20,0.2,0.2,0.0,0.0
4,P@20,0.1,0.1,0.0,0.0
5,P@20,0.4,0.4,0.0,0.0
6,P@20,0.3,0.35,0.04999999999999999,16.666666666666664
7,P@20,0.25,0.25,0.0,0.0
8,P@20,0.25,0.2,-0.04999999999999999,-19.999999999999996
9,P@20,0.25,0.25,0.0,0.0
11,P@20,0.2,0.2,0.0,0.0
13,P@20,0.2,0.25,0.04999999999999999,24.999999999999993
15,P@20,0.2,0.2,0.0,0.0
16,P@20,0.4,0.4,0.0,0.0
17,P@20,0.15,0.15,0.0,0.0
18,P@20,0.25,0.25,0.0,0.0
19,P@20,0.3,0.3,0.0,0.0
20,P@20,0.4,0.4,0.0,0.0
21,P@20,0.05,0.05,0.0,0.0
22,P@20,0.15,0.15,0.0,0.0
23,P@20,0.3,0.3,0.0,0.0
24,P@20,0.3,0.3,0.0,0.0
25,P@20,0.3,0.3,0.0,0.0
26,P@20,0.2,0.2,0.0,0.0
27,P@20,0.3,0.3,0.0,0.0
28,P@20,0.3,0.3,0.0,0.0
29,P@20,0.15,0.15,0.0,0.0
30,P@20,0.15,0.15,0.0,0.0
31,P@20,0.3,0.3,0.0,0.0
32,P@20,0.2,0.2,0.0,0.0
0,R@20,0.2857142857142857,0.14285714285714285,-0.14285714285714285,-50.0
1,R@20,0.2,0.2,0.0,0.0
2,R@20,1.0,1.0,0.0,0.0
3,R@20,0.5714285714285714,0.5714285714285714,0.0,0.0
4,R@20,0.4,0.4,0.0,0.0
5,R@20,0.7272727272727273,0.7272727272727273,0.0,0.0
6,R@20,0.8571428571428571,1.0,0.1428571428571429,16.666666666666675
7,R@20,0.8333333333333334,0.8333333333333334,0.0,0.0
8,R@20,0.8333333333333334,0.6666666666666666,-0.16666666666666674,-20.000000000000007
9,R@20,1.0,1.0,0.0,0.0
11,R@20,1.0,1.0,0.0,0.0
13,R@20,0.6666666666666666,0.8333333333333334,0.16666666666666674,25.00000000000001
15,R@20,0.5714285714285714,0.5714285714285714,0.0,0.0
16,R@20,0.7272727272727273,0.7272727272727273,0.0,0.0
17,R@20,0.42857142857142855,0.42857142857142855,0.0,0.0
18,R@20,1.0,1.0,0.0,0.0
19,R@20,1.0,1.0,0.0,0.0
20,R@20,0.8888888888888888,0.8888888888888888,0.0,0.0
21,R@20,0.16666666666666666,0.16666666666666666,0.0,0.0
22,R@20,0.75,0.75,0.0,0.0
23,R@20,0.6,0.6,0.0,0.0
24,R@20,1.0,1.0,0.0,0.0
25,R@20,1.0,1.0,0.0,0.0
26,R@20,1.0,1.0,0.0,0.0
27,R@20,0.8571428571428571,0.8571428571428571,0.0,0.0
28,R@20,0.8571428571428571,0.8571428571428571,0.0,0.0
29,R@20,0.6,0.6,0.0,0.0
30,R@20,0.75,0.75,0.0,0.0
31,R@20,0.75,0.75,0.0,0.0
32,R@20,1.0,1.0,0.0,0.0
0,F1@20,0.23529411764705882,0.11764705882352941,-0.11764705882352941,-50.0
1,F1@20,0.08000000000000002,0.08000000000000002,0.0,0.0
2,F1@20,0.33333333333333337,0.33333333333333337,0.0,0.0
3,F1@20,0.29629629629629634,0.29629629629629634,0.0,0.0
4,F1@20,0.16000000000000003,0.16000000000000003,0.0,0.0
5,F1@20,0.5161290322580645,0.5161290322580645,0.0,0.0
6,F1@20,0.4444444444444444,0.5185185185185185,0.07407407407407407,16.666666666666664
7,F1@20,0.3846153846153846,0.3846153846153846,0.0,0.0
8,F1@20,0.3846153846153846,0.30769230769230765,-0.07692307692307693,-20.000000000000004
9,F1@20,0.4,0.4,0.0,0.0
11,F1@20,0.33333333333333337,0.33333333333333337,0.0,0.0
13,F1@20,0.30769230769230765,0.3846153846153846,0.07692307692307693,25.000000000000007
15,F1@20,0.29629629629629634,0.29629629629629634,0.0,0.0
16,F1@20,0.5161290322580645,0.5161290322580645,0.0,0.0
17,F1@20,0.2222222222222222,0.2222222222222222,0.0,0.0
18,F1@20,0.4,0.4,0.0,0.0
19,F1@20,0.4615384615384615,0.4615384615384615,0.0,0.0
20,F1@20,0.5517241379310346,0.5517241379310346,0.0,0.0
21,F1@20,0.07692307692307691,0.07692307692307691,0.0,0.0
22,F1@20,0.24999999999999997,0.24999999999999997,0.0,0.0
23,F1@20,0.4,0.4,0.0,0.0
24,F1@20,0.4615384615384615,0.4615384615384615,0.0,0.0
25,F1@20,0.4615384615384615,0.4615384615384615,0.0,0.0
26,F1@20,0.33333333333333337,0.33333333333333337,0.0,0.0
27,F1@20,0.4444444444444444,0.4444444444444444,0.0,0.0
28,F1@20,0.4444444444444444,0.4444444444444444,0.0,0.0
29,F1@20,0.24,0.24,0.0,0.0
30,F1@20,0.24999999999999997,0.24999999999999997,0.0,0.0
31,F1@20,0.4285714285714285,0.4285714285714285,0.0,0.0
32,F1@20,0.33333333333333337,0.33333333333333337,0.0,0.0
0,nDCG@20,0.32382259040358624,0.2376137309262018,-0.08620885947738444,-26.6222499702509
1,nDCG@20,0.09803928583135704,0.14606834984270645,0.048029064011349404,48.989610240497804
2,nDCG@20,0.7315682114753617,0.8927537907700456,0.1611855792946839,22.032884530291327
3,nDCG@20,0.5338456138360194,0.5936798407326767,0.059834226896657294,11.208151822529818
4,nDCG@20,0.5531464700081437,0.5087403079104241,-0.044406162097719526,-8.027921085181248
5,nDCG@20,0.8197952605303637,0.8083536503044675,-0.011441610225896182,-1.3956667934984246
6,nDCG@20,0.8390879934323361,0.8831694523315587,0.04408145889922266,5.253496563442053
7,nDCG@20,0.4758426178727888,0.5469405339889141,0.07109791611612526,14.941477170321992
8,nDCG@20,0.6511191509654378,0.4808505802895283,-0.1702685706759095,-26.15014017379863
9,nDCG@20,0.8054803265931949,0.6829995892528345,-0.12248073734036036,-15.205925371063575
11,nDCG@20,0.7734446236585042,0.6363424513674679,-0.13710217229103627,-17.726178202975063
13,nDCG@20,0.6582592306673591,0.7518780706786133,0.0936188400112542,14.222184156284623
15,nDCG@20,0.43331321714210663,0.4097225574171969,-0.023590659724909757,-5.444251130971875
16,nDCG@20,0.8168020258417209,0.8197952605303637,0.002993234688642765,0.3664577944157537
17,nDCG@20,0.27148561750039013,0.2928710781798379,0.021385460679447743,7.877198385810258
18,nDCG@20,0.6306870103388195,0.6132355269353261,-0.01745148340349334,-2.7670592730486088
19,nDCG@20,0.7400213789045436,0.9001715370445234,0.1601501581399798,21.641288036441686
20,nDCG@20,0.7107229682958326,0.8256288985680241,0.11490593027219154,16.167471067906007
21,nDCG@20,0.11706259313796354,0.19092086617893467,0.07385827304097113,63.092975357145754
22,nDCG@20,0.5375811193822125,0.44927383782962327,-0.08830728155258927,-16.42678255777879
23,nDCG@20,0.6575781860184935,0.6637609329229748,0.006182746904481284,0.9402299279294224
24,nDCG@20,0.9056902160796163,0.9031792774280204,-0.0025109386515959065,-0.2772403418980048
25,nDCG@20,0.9930783166417602,1.0,0.0069216833582398385,0.6969926985866054
26,nDCG@20,0.9294674762269081,0.8984279776915455,-0.031039498535362586,-3.339492701924839
27,nDCG@20,0.7542743567989295,0.7800447422286807,0.025770385429751186,3.416579815747457
28,nDCG@20,0.5037455777884452,0.5854698379878432,0.08172426019939805,16.223320621132927
29,nDCG@20,0.4856637624942473,0.5296347172140421,0.043970954719794786,9.053785378997805
30,nDCG@20,0.6944638360563847,0.6760236910196463,-0.01844014503673841,-2.655306738714213
31,nDCG@20,0.7660950057926946,0.7597175888969151,-0.006377416895779531,-0.8324577040129224
32,nDCG@20,0.8547529378296287,0.7486761295186739,-0.10607680831095478,-12.410230326941358
0,P@50,0.1,0.08,-0.020000000000000004,-20.000000000000004
1,P@50,0.02,0.02,0.0,0.0
2,P@50,0.08,0.08,0.0,0.0
3,P@50,0.08,0.08,0.0,0.0
4,P@50,0.08,0.08,0.0,0.0
5,P@50,0.2,0.18,-0.020000000000000018,-10.000000000000009
6,P@50,0.14,0.14,0.0,0.0
7,P@50,0.12,0.12,0.0,0.0
8,P@50,0.12,0.12,0.0,0.0
9,P@50,0.1,0.1,0.0,0.0
11,P@50,0.08,0.08,0.0,0.0
13,P@50,0.1,0.1,0.0,0.0
15,P@50,0.14,0.14,0.0,0.0
16,P@50,0.16,0.16,0.0,0.0
17,P@50,0.12,0.12,0.0,0.0
18,P@50,0.1,0.1,0.0,0.0
19,P@50,0.12,0.12,0.0,0.0
20,P@50,0.16,0.18,0.01999999999999999,12.499999999999993
21,P@50,0.08,0.08,0.0,0.0
22,P@50,0.06,0.06,0.0,0.0
23,P@50,0.16,0.16,0.0,0.0
24,P@50,0.12,0.12,0.0,0.0
25,P@50,0.12,0.12,0.0,0.0
26,P@50,0.08,0.08,0.0,0.0
27,P@50,0.12,0.12,0.0,0.0
28,P@50,0.14,0.14,0.0,0.0
29,P@50,0.06,0.08,0.020000000000000004,33.33333333333334
30,P@50,0.08,0.08,0.0,0.0
31,P@50,0.12,0.12,0.0,0.0
32,P@50,0.08,0.08,0.0,0.0
0,R@50,0.35714285714285715,0.2857142857142857,-0.07142857142857145,-20.000000000000007
1,R@50,0.2,0.2,0.0,0.0
2,R@50,1.0,1.0,0.0,0.0
3,R@50,0.5714285714285714,0.5714285714285714,0.0,0.0
4,R@50,0.8,0.8,0.0,0.0
5,R@50,0.9090909090909091,0.8181818181818182,-0.09090909090909083,-9.999999999999991
6,R@50,1.0,1.0,0.0,0.0
7,R@50,1.0,1.0,0.0,0.0
8,R@50,1.0,1.0,0.0,0.0
9,R@50,1.0,1.0,0.0,0.0
11,R@50,1.0,1.0,0.0,0.0
13,R@50,0.8333333333333334,0.8333333333333334,0.0,0.0
15,R@50,1.0,1.0,0.0,0.0
16,R@50,0.7272727272727273,0.7272727272727273,0.0,0.0
17,R@50,0.8571428571428571,0.8571428571428571,0.0,0.0
18,R@50,1.0,1.0,0.0,0.0
19,R@50,1.0,1.0,0.0,0.0
20,R@50,0.8888888888888888,1.0,0.11111111111111116,12.500000000000005
21,R@50,0.6666666666666666,0.6666666666666666,0.0,0.0
22,R@50,0.75,0.75,0.0,0.0
23,R@50,0.8,0.8,0.0,0.0
24,R@50,1.0,1.0,0.0,0.0
25,R@50,1.0,1.0,0.0,0.0
26,R@50,1.0,1.0,0.0,0.0
27,R@50,0.8571428571428571,0.8571428571428571,0.0,0.0
28,R@50,1.0,1.0,0.0,0.0
29,R@50,0.6,0.8,0.20000000000000007,33.33333333333335
30,R@50,1.0,1.0,0.0,0.0
31,R@50,0.75,0.75,0.0,0.0
32,R@50,1.0,1.0,0.0,0.0
0,F1@50,0.15625,0.125,-0.03125,-20.0
1,F1@50,0.03636363636363636,0.03636363636363636,0.0,0.0
2,F1@50,0.14814814814814814,0.14814814814814814,0.0,0.0
3,F1@50,0.14035087719298248,0.14035087719298248,0.0,0.0
4,F1@50,0.14545454545454545,0.14545454545454545,0.0,0.0
5,F1@50,0.32786885245901637,0.29508196721311475,-0.03278688524590162,-9.999999999999995
6,F1@50,0.24561403508771928,0.24561403508771928,0.0,0.0
7,F1@50,0.21428571428571425,0.21428571428571425,0.0,0.0
8,F1@50,0.21428571428571425,0.21428571428571425,0.0,0.0
9,F1@50,0.18181818181818182,0.18181818181818182,0.0,0.0
11,F1@50,0.14814814814814814,0.14814814814814814,0.0,0.0
13,F1@50,0.17857142857142858,0.17857142857142858,0.0,0.0
15,F1@50,0.24561403508771928,0.24561403508771928,0.0,0.0
16,F1@50,0.2622950819672131,0.2622950819672131,0.0,0.0
17,F1@50,0.21052631578947367,0.21052631578947367,0.0,0.0
18,F1@50,0.18181818181818182,0.18181818181818182,0.0,0.0
19,F1@50,0.21428571428571425,0.21428571428571425,0.0,0.0
20,F1@50,0.27118644067796616,0.3050847457627119,0.03389830508474573,12.499999999999984
21,F1@50,0.14285714285714285,0.14285714285714285,0.0,0.0
22,F1@50,0.1111111111111111,0.1111111111111111,0.0,0.0
23,F1@50,0.26666666666666666,0.26666666666666666,0.0,0.0
24,F1@50,0.21428571428571425,0.21428571428571425,0.0,0.0
25,F1@50,0.21428571428571425,0.21428571428571425,0.0,0.0
26,F1@50,0.14814814814814814,0.14814814814814814,0.0,0.0
27,F1@50,0.21052631578947367,0.21052631578947367,0.0,0.0
28,F1@50,0.24561403508771928,0.24561403508771928,0.0,0.0
29,F1@50,0.1090909090909091,0.14545454545454545,0.03636363636363635,33.333333333333314
30,F1@50,0.14814814814814814,0.14814814814814814,0.0,0.0
31,F1@50,0.20689655172413793,0.20689655172413793,0.0,0.0
32,F1@50,0.14814814814814814,0.14814814814814814,0.0,0.0
0,nDCG@50,0.35829316747093903,0.3119608157561685,-0.046332351714770514,-12.931408109681161
1,nDCG@50,0.09803928583135704,0.14606834984270645,0.048029064011349404,48.989610240497804
2,nDCG@50,0.7315682114753617,0.8927537907700456,0.1611855792946839,22.032884530291327
3,nDCG@50,0.5338456138360194,0.5936798407326767,0.059834226896657294,11.208151822529818
4,nDCG@50,0.6807695501381804,0.6442003732153501,-0.03656917692283035,-5.371740982746314
5,nDCG@50,0.897980173710198,0.8475864693649822,-0.05039370434521584,-5.611894986166947
6,nDCG@50,0.8998534556023046,0.8831694523315587,-0.016684003270745817,-1.8540800356852114
7,nDCG@50,0.5418415030220606,0.6129394191381858,0.07109791611612526,13.121533828542953
8,nDCG@50,0.7180138716387408,0.6088683382834353,-0.10914553335530541,-15.201034083951592
9,nDCG@50,0.8054803265931949,0.6829995892528345,-0.12248073734036036,-15.205925371063575
11,nDCG@50,0.7734446236585042,0.6363424513674679,-0.13710217229103627,-17.726178202975063
13,nDCG@50,0.7251539513406621,0.7518780706786133,0.02672411933795127,3.6853028641082095
15,nDCG@50,0.5935630982990832,0.5796747953126138,-0.01388830298646937,-2.339819140756517
16,nDCG@50,0.8168020258417209,0.8197952605303637,0.002993234688642765,0.3664577944157537
17,nDCG@50,0.4391055252085177,0.463169416470764,0.024063891262246284,5.480206893506768
18,nDCG@50,0.6306870103388195,0.6132355269353261,-0.01745148340349334,-2.7670592730486088
19,nDCG@50,0.7400213789045436,0.9001715370445234,0.1601501581399798,21.641288036441686
20,nDCG@50,0.7107229682958326,0.8672751669191436,0.15655219862331105,22.02717593307713
21,nDCG@50,0.2950507139333106,0.37437493498078356,0.07932422104747294,26.88494462189383
22,nDCG@50,0.5375811193822125,0.44927383782962327,-0.08830728155258927,-16.42678255777879
23,nDCG@50,0.740009440832263,0.7471829548475596,0.007173514015296534,0.9693814185976776
24,nDCG@50,0.9056902160796163,0.9031792774280204,-0.0025109386515959065,-0.2772403418980048
25,nDCG@50,0.9930783166417602,1.0,0.0069216833582398385,0.6969926985866054
26,nDCG@50,0.9294674762269081,0.8984279776915455,-0.031039498535362586,-3.339492701924839
27,nDCG@50,0.7542743567989295,0.7800447422286807,0.025770385429751186,3.416579815747457
28,nDCG@50,0.5629369742661267,0.6454215459616939,0.08248457169556722,14.652541130931809
29,nDCG@50,0.4856637624942473,0.5933635386536701,0.10769977615942278,22.175790017007596
30,nDCG@50,0.7807630961934954,0.7548215475304265,-0.02594154866306886,-3.322588988842244
31,nDCG@50,0.7660950057926946,0.7597175888969151,-0.006377416895779531,-0.8324577040129224
32,nDCG@50,0.8547529378296287,0.7486761295186739,-0.10607680831095478,-12.410230326941358
0,AP,0.16016092385633715,0.14237299510061766,-0.017787928755719495,-11.106285058442284
1,AP,0.035220621385388534,0.06604672620045882,0.030826104815070282,87.5228874521182
2,AP,0.6083333333333333,0.7708333333333333,0.16249999999999998,26.71232876712329
3,AP,0.29948036842584297,0.3854029641864248,0.08592259576058181,28.690560323608615
4,AP,0.4399210487553395,0.3859540229885058,-0.05396702576683371,-12.267434331574181
5,AP,0.7851559501573575,0.7377944794130805,-0.04736147074427699,-6.032110020281323
6,AP,0.7156926406926407,0.6956916099773244,-0.020001030715316337,-2.794639706782443
7,AP,0.2827924554469177,0.34318064182194613,0.06038818637502841,21.35424238231268
8,AP,0.4181397306397307,0.3329059829059829,-0.08523374773374781,-20.384034687004
9,AP,0.5686979686979686,0.49120879120879113,-0.0774891774891775,-13.625717297107393
11,AP,0.5346590909090909,0.423051948051948,-0.1116071428571429,-20.874449673599525
13,AP,0.49051995363470763,0.5243791296422875,0.03385917600757987,6.902711246848675
15,AP,0.3311731710227951,0.31055025981134354,-0.020622911211451544,-6.227228838543821
16,AP,0.7431780248237353,0.757619900061831,0.014441875238095703,1.9432591863195878
17,AP,0.1808894830687506,0.20120781828856363,0.020318335219813022,11.232458004255912
18,AP,0.45777777777777773,0.45539682539682536,-0.0023809523809523725,-0.5201109570041591
19,AP,0.5847582972582972,0.7861111111111111,0.2013528138528139,34.433511212560546
20,AP,0.5500647500647502,0.6575774754346183,0.10751272536986811,19.545467212216813
21,AP,0.10334487800589498,0.15582359305689708,0.0524787150510021,50.78017997951348
22,AP,0.35064655172413794,0.28297619047619044,-0.06767036124794751,-19.29873854889222
23,AP,0.5135848293863,0.5230093393289519,0.00942450994265187,1.8350444568063933
24,AP,0.7379084967320261,0.731203007518797,-0.00670548921322911,-0.9087155443968591
25,AP,0.9761904761904762,1.0,0.023809523809523836,2.4390243902439055
26,AP,0.8166666666666667,0.7463235294117647,-0.07034313725490193,-8.613445378151258
27,AP,0.5229846269216347,0.5525004596433168,0.029515832721682123,5.643728553823217
28,AP,0.31759431045145325,0.40915028725587727,0.09155597680442401,28.8279650458093
29,AP,0.3185100845803513,0.40635241951031426,0.08784233492996296,27.579137736156284
30,AP,0.5303030303030303,0.49166666666666664,-0.038636363636363635,-7.285714285714286
31,AP,0.581670124134239,0.5784680823248168,-0.0032020418094221847,-0.5504910217261237
32,AP,0.6845238095238095,0.6458333333333333,-0.038690476190476275,-5.652173913043491
0,MRR,1.0,1.0,0.0,0.0
1,MRR,0.1,0.25,0.15,149.99999999999997
2,MRR,0.5,1.0,0.5,100.0
3,MRR,1.0,1.0,0.0,0.0
4,MRR,1.0,1.0,0.0,0.0
5,MRR,1.0,1.0,0.0,0.0
6,MRR,1.0,1.0,0.0,0.0
7,MRR,0.25,0.5,0.25,100.0
8,MRR,1.0,0.5,-0.5,-50.0
9,MRR,1.0,0.5,-0.5,-50.0
11,MRR,1.0,0.5,-0.5,-50.0
13,MRR,1.0,1.0,0.0,0.0
15,MRR,0.3333333333333333,0.3333333333333333,0.0,0.0
16,MRR,1.0,1.0,0.0,0.0
17,MRR,0.25,0.3333333333333333,0.08333333333333331,33.33333333333333
18,MRR,0.3333333333333333,0.25,-0.08333333333333331,-24.999999999999993
19,MRR,0.5,1.0,0.5,100.0
20,MRR,0.5,1.0,0.5,100.0
21,MRR,0.2,0.5,0.3,149.99999999999997
22,MRR,0.5,0.25,-0.25,-50.0
23,MRR,1.0,1.0,0.0,0.0
24,MRR,1.0,1.0,0.0,0.0
25,MRR,1.0,1.0,0.0,0.0
26,MRR,1.0,1.0,0.0,0.0
27,MRR,1.0,1.0,0.0,0.0
28,MRR,0.25,0.5,0.25,100.0
29,MRR,0.5,0.5,0.0,0.0
30,MRR,1.0,1.0,0.0,0.0
31,MRR,1.0,1.0,0.0,0.0
32,MRR,1.0,0.5,-0.5,-50.0
