doc_id,doc,k,metric,algo,similarity
0,doc1,5,rbo,tfidf,0.715589
0,doc1,5,jaccard,tfidf,0.428571
0,doc1,5,overlap,tfidf,0.6
0,doc1,10,rbo,tfidf,0.631997
0,doc1,10,jaccard,tfidf,0.428571
0,doc1,10,overlap,tfidf,0.6
0,doc1,20,rbo,tfidf,0.590823
0,doc1,20,jaccard,tfidf,0.25
0,doc1,20,overlap,tfidf,0.4
0,doc1,50,rbo,tfidf,0.574077
0,doc1,50,jaccard,tfidf,0.449275
0,doc1,50,overlap,tfidf,0.62
0,doc1,5,rbo,bbidf,0.715589
0,doc1,5,jaccard,bbidf,0.428571
0,doc1,5,overlap,bbidf,0.6
0,doc1,10,rbo,bbidf,0.73618
0,doc1,10,jaccard,bbidf,0.538462
0,doc1,10,overlap,bbidf,0.7
0,doc1,20,rbo,bbidf,0.705994
0,doc1,20,jaccard,bbidf,0.428571
0,doc1,20,overlap,bbidf,0.6
0,doc1,50,rbo,bbidf,0.704631
0,doc1,50,jaccard,bbidf,0.666667
0,doc1,50,overlap,bbidf,0.8
1,doc2,5,rbo,tfidf,0.174523
1,doc2,5,jaccard,tfidf,0.25
1,doc2,5,overlap,tfidf,0.4
1,doc2,10,rbo,tfidf,0.299152
1,doc2,10,jaccard,tfidf,0.428571
1,doc2,10,overlap,tfidf,0.6
1,doc2,20,rbo,tfidf,0.396159
1,doc2,20,jaccard,tfidf,0.6
1,doc2,20,overlap,tfidf,0.75
1,doc2,50,rbo,tfidf,0.432199
1,doc2,50,jaccard,tfidf,0.449275
1,doc2,50,overlap,tfidf,0.62
1,doc2,5,rbo,bbidf,0.295575
1,doc2,5,jaccard,bbidf,0.428571
1,doc2,5,overlap,bbidf,0.6
1,doc2,10,rbo,bbidf,0.375262
1,doc2,10,jaccard,bbidf,0.428571
1,doc2,10,overlap,bbidf,0.6
1,doc2,20,rbo,bbidf,0.468187
1,doc2,20,jaccard,bbidf,0.73913
1,doc2,20,overlap,bbidf,0.85
1,doc2,50,rbo,bbidf,0.510063
1,doc2,50,jaccard,bbidf,0.639344
1,doc2,50,overlap,bbidf,0.78
2,doc3,5,rbo,tfidf,0.503438
2,doc3,5,jaccard,tfidf,0.666667
2,doc3,5,overlap,tfidf,0.8
2,doc3,10,rbo,tfidf,0.63692
2,doc3,10,jaccard,tfidf,0.666667
2,doc3,10,overlap,tfidf,0.8
2,doc3,20,rbo,tfidf,0.700575
2,doc3,20,jaccard,tfidf,0.818182
2,doc3,20,overlap,tfidf,0.9
2,doc3,50,rbo,tfidf,0.71578
2,doc3,50,jaccard,tfidf,0.666667
2,doc3,50,overlap,tfidf,0.8
2,doc3,5,rbo,bbidf,0.792137
2,doc3,5,jaccard,bbidf,0.666667
2,doc3,5,overlap,bbidf,0.8
2,doc3,10,rbo,bbidf,0.840907
2,doc3,10,jaccard,bbidf,0.818182
2,doc3,10,overlap,bbidf,0.9
2,doc3,20,rbo,bbidf,0.852086
2,doc3,20,jaccard,bbidf,0.666667
2,doc3,20,overlap,bbidf,0.8
2,doc3,50,rbo,bbidf,0.844347
2,doc3,50,jaccard,bbidf,0.724138
2,doc3,50,overlap,bbidf,0.84
3,doc4,5,rbo,tfidf,0.528605
3,doc4,5,jaccard,tfidf,0.25
3,doc4,5,overlap,tfidf,0.4
3,doc4,10,rbo,tfidf,0.572427
3,doc4,10,jaccard,tfidf,0.538462
3,doc4,10,overlap,tfidf,0.7
3,doc4,20,rbo,tfidf,0.615506
3,doc4,20,jaccard,tfidf,0.73913
3,doc4,20,overlap,tfidf,0.85
3,doc4,50,rbo,tfidf,0.630843
3,doc4,50,jaccard,tfidf,0.449275
3,doc4,50,overlap,tfidf,0.62
3,doc4,5,rbo,bbidf,0.780972
3,doc4,5,jaccard,bbidf,0.428571
3,doc4,5,overlap,bbidf,0.6
3,doc4,10,rbo,bbidf,0.729687
3,doc4,10,jaccard,bbidf,0.538462
3,doc4,10,overlap,bbidf,0.7
3,doc4,20,rbo,bbidf,0.731824
3,doc4,20,jaccard,bbidf,0.818182
3,doc4,20,overlap,bbidf,0.9
3,doc4,50,rbo,bbidf,0.743682
3,doc4,50,jaccard,bbidf,0.639344
3,doc4,50,overlap,bbidf,0.78
4,doc5,5,rbo,tfidf,0.174523
4,doc5,5,jaccard,tfidf,0.25
4,doc5,5,overlap,tfidf,0.4
4,doc5,10,rbo,tfidf,0.349803
4,doc5,10,jaccard,tfidf,0.538462
4,doc5,10,overlap,tfidf,0.7
4,doc5,20,rbo,tfidf,0.471115
4,doc5,20,jaccard,tfidf,0.6
4,doc5,20,overlap,tfidf,0.75
4,doc5,50,rbo,tfidf,0.505414
4,doc5,50,jaccard,tfidf,0.5625
4,doc5,50,overlap,tfidf,0.72
4,doc5,5,rbo,bbidf,0.219028
4,doc5,5,jaccard,bbidf,0.25
4,doc5,5,overlap,bbidf,0.4
4,doc5,10,rbo,bbidf,0.361261
4,doc5,10,jaccard,bbidf,0.538462
4,doc5,10,overlap,bbidf,0.7
4,doc5,20,rbo,bbidf,0.476772
4,doc5,20,jaccard,bbidf,0.666667
4,doc5,20,overlap,bbidf,0.8
4,doc5,50,rbo,bbidf,0.517932
4,doc5,50,jaccard,bbidf,0.666667
4,doc5,50,overlap,bbidf,0.8
5,doc6,5,rbo,tfidf,0.569371
5,doc6,5,jaccard,tfidf,0.666667
5,doc6,5,overlap,tfidf,0.8
5,doc6,10,rbo,tfidf,0.687777
5,doc6,10,jaccard,tfidf,0.818182
5,doc6,10,overlap,tfidf,0.9
5,doc6,20,rbo,tfidf,0.721737
5,doc6,20,jaccard,tfidf,0.666667
5,doc6,20,overlap,tfidf,0.8
5,doc6,50,rbo,tfidf,0.729433
5,doc6,50,jaccard,tfidf,0.694915
5,doc6,50,overlap,tfidf,0.82
5,doc6,5,rbo,bbidf,0.747633
5,doc6,5,jaccard,bbidf,0.666667
5,doc6,5,overlap,bbidf,0.8
5,doc6,10,rbo,bbidf,0.809694
5,doc6,10,jaccard,bbidf,1.0
5,doc6,10,overlap,bbidf,1.0
5,doc6,20,rbo,bbidf,0.829958
5,doc6,20,jaccard,bbidf,0.666667
5,doc6,20,overlap,bbidf,0.8
5,doc6,50,rbo,bbidf,0.825723
5,doc6,50,jaccard,bbidf,0.612903
5,doc6,50,overlap,bbidf,0.76
6,doc7,5,rbo,tfidf,0.889563
6,doc7,5,jaccard,tfidf,1.0
6,doc7,5,overlap,tfidf,1.0
6,doc7,10,rbo,tfidf,0.845564
6,doc7,10,jaccard,tfidf,0.538462
6,doc7,10,overlap,tfidf,0.7
6,doc7,20,rbo,tfidf,0.844071
6,doc7,20,jaccard,tfidf,0.73913
6,doc7,20,overlap,tfidf,0.85
6,doc7,50,rbo,tfidf,0.840929
6,doc7,50,jaccard,tfidf,0.612903
6,doc7,50,overlap,tfidf,0.76
6,doc7,5,rbo,bbidf,0.825477
6,doc7,5,jaccard,bbidf,0.428571
6,doc7,5,overlap,bbidf,0.6
6,doc7,10,rbo,bbidf,0.818562
6,doc7,10,jaccard,bbidf,0.666667
6,doc7,10,overlap,bbidf,0.8
6,doc7,20,rbo,bbidf,0.825688
6,doc7,20,jaccard,bbidf,0.818182
6,doc7,20,overlap,bbidf,0.9
6,doc7,50,rbo,bbidf,0.824863
6,doc7,50,jaccard,bbidf,0.639344
6,doc7,50,overlap,bbidf,0.78
7,doc8,5,rbo,tfidf,0.747633
7,doc8,5,jaccard,tfidf,0.666667
7,doc8,5,overlap,tfidf,0.8
7,doc8,10,rbo,tfidf,0.701141
7,doc8,10,jaccard,tfidf,0.333333
7,doc8,10,overlap,tfidf,0.5
7,doc8,20,rbo,tfidf,0.663579
7,doc8,20,jaccard,tfidf,0.37931
7,doc8,20,overlap,tfidf,0.55
7,doc8,50,rbo,tfidf,0.658725
7,doc8,50,jaccard,tfidf,0.587302
7,doc8,50,overlap,tfidf,0.74
7,doc8,5,rbo,bbidf,0.923452
7,doc8,5,jaccard,bbidf,0.666667
7,doc8,5,overlap,bbidf,0.8
7,doc8,10,rbo,bbidf,0.889343
7,doc8,10,jaccard,bbidf,0.666667
7,doc8,10,overlap,bbidf,0.8
7,doc8,20,rbo,bbidf,0.825905
7,doc8,20,jaccard,bbidf,0.481481
7,doc8,20,overlap,bbidf,0.65
7,doc8,50,rbo,bbidf,0.811921
7,doc8,50,jaccard,bbidf,0.785714
7,doc8,50,overlap,bbidf,0.88
8,doc9,5,rbo,tfidf,0.613875
8,doc9,5,jaccard,tfidf,0.666667
8,doc9,5,overlap,tfidf,0.8
8,doc9,10,rbo,tfidf,0.637918
8,doc9,10,jaccard,tfidf,0.666667
8,doc9,10,overlap,tfidf,0.8
8,doc9,20,rbo,tfidf,0.658711
8,doc9,20,jaccard,tfidf,0.538462
8,doc9,20,overlap,tfidf,0.7
8,doc9,50,rbo,tfidf,0.665396
8,doc9,50,jaccard,tfidf,0.639344
8,doc9,50,overlap,tfidf,0.78
8,doc9,5,rbo,bbidf,0.858069
8,doc9,5,jaccard,bbidf,0.666667
8,doc9,5,overlap,bbidf,0.8
8,doc9,10,rbo,bbidf,0.800632
8,doc9,10,jaccard,bbidf,0.666667
8,doc9,10,overlap,bbidf,0.8
8,doc9,20,rbo,bbidf,0.818767
8,doc9,20,jaccard,bbidf,0.73913
8,doc9,20,overlap,bbidf,0.85
8,doc9,50,rbo,bbidf,0.81569
8,doc9,50,jaccard,bbidf,0.694915
8,doc9,50,overlap,bbidf,0.82
9,doc10,5,rbo,tfidf,0.503438
9,doc10,5,jaccard,tfidf,0.666667
9,doc10,5,overlap,tfidf,0.8
9,doc10,10,rbo,tfidf,0.58337
9,doc10,10,jaccard,tfidf,0.538462
9,doc10,10,overlap,tfidf,0.7
9,doc10,20,rbo,tfidf,0.616999
9,doc10,20,jaccard,tfidf,0.6
9,doc10,20,overlap,tfidf,0.75
9,doc10,50,rbo,tfidf,0.635374
9,doc10,50,jaccard,tfidf,0.724138
9,doc10,50,overlap,tfidf,0.84
9,doc10,5,rbo,bbidf,0.569371
9,doc10,5,jaccard,bbidf,0.666667
9,doc10,5,overlap,bbidf,0.8
9,doc10,10,rbo,bbidf,0.662405
9,doc10,10,jaccard,bbidf,0.666667
9,doc10,10,overlap,bbidf,0.8
9,doc10,20,rbo,bbidf,0.674863
9,doc10,20,jaccard,bbidf,0.666667
9,doc10,20,overlap,bbidf,0.8
9,doc10,50,rbo,bbidf,0.688347
9,doc10,50,jaccard,bbidf,0.694915
9,doc10,50,overlap,bbidf,0.82
11,doc12,5,rbo,tfidf,0.747633
11,doc12,5,jaccard,tfidf,0.666667
11,doc12,5,overlap,tfidf,0.8
11,doc12,10,rbo,tfidf,0.79209
11,doc12,10,jaccard,tfidf,0.818182
11,doc12,10,overlap,tfidf,0.9
11,doc12,20,rbo,tfidf,0.821928
11,doc12,20,jaccard,tfidf,0.818182
11,doc12,20,overlap,tfidf,0.9
11,doc12,50,rbo,tfidf,0.822401
11,doc12,50,jaccard,tfidf,0.5625
11,doc12,50,overlap,tfidf,0.72
11,doc12,5,rbo,bbidf,0.679258
11,doc12,5,jaccard,bbidf,0.666667
11,doc12,5,overlap,bbidf,0.8
11,doc12,10,rbo,bbidf,0.7491
11,doc12,10,jaccard,bbidf,0.818182
11,doc12,10,overlap,bbidf,0.9
11,doc12,20,rbo,bbidf,0.787579
11,doc12,20,jaccard,bbidf,0.818182
11,doc12,20,overlap,bbidf,0.9
11,doc12,50,rbo,bbidf,0.79272
11,doc12,50,jaccard,bbidf,0.612903
11,doc12,50,overlap,bbidf,0.76
13,doc14,5,rbo,tfidf,0.781522
13,doc14,5,jaccard,tfidf,0.428571
13,doc14,5,overlap,tfidf,0.6
13,doc14,10,rbo,tfidf,0.686503
13,doc14,10,jaccard,tfidf,0.333333
13,doc14,10,overlap,tfidf,0.5
13,doc14,20,rbo,tfidf,0.659988
13,doc14,20,jaccard,tfidf,0.428571
13,doc14,20,overlap,tfidf,0.6
13,doc14,50,rbo,tfidf,0.657995
13,doc14,50,jaccard,tfidf,0.538462
13,doc14,50,overlap,tfidf,0.7
13,doc14,5,rbo,bbidf,0.647215
13,doc14,5,jaccard,bbidf,0.428571
13,doc14,5,overlap,bbidf,0.6
13,doc14,10,rbo,bbidf,0.681534
13,doc14,10,jaccard,bbidf,0.538462
13,doc14,10,overlap,bbidf,0.7
13,doc14,20,rbo,bbidf,0.667332
13,doc14,20,jaccard,bbidf,0.428571
13,doc14,20,overlap,bbidf,0.6
13,doc14,50,rbo,bbidf,0.666862
13,doc14,50,jaccard,bbidf,0.666667
13,doc14,50,overlap,bbidf,0.8
15,doc16,5,rbo,tfidf,0.825477
15,doc16,5,jaccard,tfidf,0.428571
15,doc16,5,overlap,tfidf,0.6
15,doc16,10,rbo,tfidf,0.850213
15,doc16,10,jaccard,tfidf,0.818182
15,doc16,10,overlap,tfidf,0.9
15,doc16,20,rbo,tfidf,0.807744
15,doc16,20,jaccard,tfidf,0.428571
15,doc16,20,overlap,tfidf,0.6
15,doc16,50,rbo,tfidf,0.782981
15,doc16,50,jaccard,tfidf,0.5625
15,doc16,50,overlap,tfidf,0.72
15,doc16,5,rbo,bbidf,0.902024
15,doc16,5,jaccard,bbidf,0.666667
15,doc16,5,overlap,bbidf,0.8
15,doc16,10,rbo,bbidf,0.874052
15,doc16,10,jaccard,bbidf,0.818182
15,doc16,10,overlap,bbidf,0.9
15,doc16,20,rbo,bbidf,0.852048
15,doc16,20,jaccard,bbidf,0.6
15,doc16,20,overlap,bbidf,0.75
15,doc16,50,rbo,bbidf,0.839225
15,doc16,50,jaccard,bbidf,0.639344
15,doc16,50,overlap,bbidf,0.78
16,doc17,5,rbo,tfidf,0.537328
16,doc17,5,jaccard,tfidf,0.428571
16,doc17,5,overlap,tfidf,0.6
16,doc17,10,rbo,tfidf,0.635574
16,doc17,10,jaccard,tfidf,0.818182
16,doc17,10,overlap,tfidf,0.9
16,doc17,20,rbo,tfidf,0.668116
16,doc17,20,jaccard,tfidf,0.481481
16,doc17,20,overlap,tfidf,0.65
16,doc17,50,rbo,tfidf,0.664884
16,doc17,50,jaccard,tfidf,0.5625
16,doc17,50,overlap,tfidf,0.72
16,doc17,5,rbo,bbidf,0.569371
16,doc17,5,jaccard,bbidf,0.666667
16,doc17,5,overlap,bbidf,0.8
16,doc17,10,rbo,bbidf,0.706776
16,doc17,10,jaccard,bbidf,0.818182
16,doc17,10,overlap,bbidf,0.9
16,doc17,20,rbo,bbidf,0.744988
16,doc17,20,jaccard,bbidf,0.666667
16,doc17,20,overlap,bbidf,0.8
16,doc17,50,rbo,bbidf,0.754515
16,doc17,50,jaccard,bbidf,0.724138
16,doc17,50,overlap,bbidf,0.84
17,doc18,5,rbo,tfidf,0.393001
17,doc18,5,jaccard,tfidf,0.666667
17,doc18,5,overlap,tfidf,0.8
17,doc18,10,rbo,tfidf,0.527409
17,doc18,10,jaccard,tfidf,0.428571
17,doc18,10,overlap,tfidf,0.6
17,doc18,20,rbo,tfidf,0.558594
17,doc18,20,jaccard,tfidf,0.6
17,doc18,20,overlap,tfidf,0.75
17,doc18,50,rbo,tfidf,0.582763
17,doc18,50,jaccard,tfidf,0.612903
17,doc18,50,overlap,tfidf,0.76
17,doc18,5,rbo,bbidf,0.569371
17,doc18,5,jaccard,bbidf,0.666667
17,doc18,5,overlap,bbidf,0.8
17,doc18,10,rbo,bbidf,0.568226
17,doc18,10,jaccard,bbidf,0.333333
17,doc18,10,overlap,bbidf,0.5
17,doc18,20,rbo,bbidf,0.606886
17,doc18,20,jaccard,bbidf,0.666667
17,doc18,20,overlap,bbidf,0.8
17,doc18,50,rbo,bbidf,0.628406
17,doc18,50,jaccard,bbidf,0.666667
17,doc18,50,overlap,bbidf,0.8
18,doc19,5,rbo,tfidf,0.65783
18,doc19,5,jaccard,tfidf,0.666667
18,doc19,5,overlap,tfidf,0.8
18,doc19,10,rbo,tfidf,0.758099
18,doc19,10,jaccard,tfidf,1.0
18,doc19,10,overlap,tfidf,1.0
18,doc19,20,rbo,tfidf,0.754831
18,doc19,20,jaccard,tfidf,0.481481
18,doc19,20,overlap,tfidf,0.65
18,doc19,50,rbo,tfidf,0.750423
18,doc19,50,jaccard,tfidf,0.5625
18,doc19,50,overlap,tfidf,0.72
18,doc19,5,rbo,bbidf,0.679258
18,doc19,5,jaccard,bbidf,0.666667
18,doc19,5,overlap,bbidf,0.8
18,doc19,10,rbo,bbidf,0.786681
18,doc19,10,jaccard,bbidf,1.0
18,doc19,10,overlap,bbidf,1.0
18,doc19,20,rbo,bbidf,0.775894
18,doc19,20,jaccard,bbidf,0.538462
18,doc19,20,overlap,bbidf,0.7
18,doc19,50,rbo,bbidf,0.771255
18,doc19,50,jaccard,bbidf,0.587302
18,doc19,50,overlap,bbidf,0.74
19,doc20,5,rbo,tfidf,0.458934
19,doc20,5,jaccard,tfidf,0.666667
19,doc20,5,overlap,tfidf,0.8
19,doc20,10,rbo,tfidf,0.542097
19,doc20,10,jaccard,tfidf,0.428571
19,doc20,10,overlap,tfidf,0.6
19,doc20,20,rbo,tfidf,0.545674
19,doc20,20,jaccard,tfidf,0.428571
19,doc20,20,overlap,tfidf,0.6
19,doc20,50,rbo,tfidf,0.555073
19,doc20,50,jaccard,tfidf,0.538462
19,doc20,50,overlap,tfidf,0.7
19,doc20,5,rbo,bbidf,0.503438
19,doc20,5,jaccard,bbidf,0.666667
19,doc20,5,overlap,bbidf,0.8
19,doc20,10,rbo,bbidf,0.617903
19,doc20,10,jaccard,bbidf,0.538462
19,doc20,10,overlap,bbidf,0.7
19,doc20,20,rbo,bbidf,0.628332
19,doc20,20,jaccard,bbidf,0.481481
19,doc20,20,overlap,bbidf,0.65
19,doc20,50,rbo,bbidf,0.637976
19,doc20,50,jaccard,bbidf,0.666667
19,doc20,50,overlap,bbidf,0.8
20,doc21,5,rbo,tfidf,0.140634
20,doc21,5,jaccard,tfidf,0.428571
20,doc21,5,overlap,tfidf,0.6
20,doc21,10,rbo,tfidf,0.311955
20,doc21,10,jaccard,tfidf,0.428571
20,doc21,10,overlap,tfidf,0.6
20,doc21,20,rbo,tfidf,0.402471
20,doc21,20,jaccard,tfidf,0.538462
20,doc21,20,overlap,tfidf,0.7
20,doc21,50,rbo,tfidf,0.432789
20,doc21,50,jaccard,tfidf,0.492537
20,doc21,50,overlap,tfidf,0.66
20,doc21,5,rbo,bbidf,0.251071
20,doc21,5,jaccard,bbidf,0.428571
20,doc21,5,overlap,bbidf,0.6
20,doc21,10,rbo,bbidf,0.383227
20,doc21,10,jaccard,bbidf,0.428571
20,doc21,10,overlap,bbidf,0.6
20,doc21,20,rbo,bbidf,0.482429
20,doc21,20,jaccard,bbidf,0.666667
20,doc21,20,overlap,bbidf,0.8
20,doc21,50,rbo,bbidf,0.516179
20,doc21,50,jaccard,bbidf,0.639344
20,doc21,50,overlap,bbidf,0.78
21,doc22,5,rbo,tfidf,0.032043
21,doc22,5,jaccard,tfidf,0.111111
21,doc22,5,overlap,tfidf,0.2
21,doc22,10,rbo,tfidf,0.125983
21,doc22,10,jaccard,tfidf,0.176471
21,doc22,10,overlap,tfidf,0.3
21,doc22,20,rbo,tfidf,0.15984
21,doc22,20,jaccard,tfidf,0.176471
21,doc22,20,overlap,tfidf,0.3
21,doc22,50,rbo,tfidf,0.179553
21,doc22,50,jaccard,tfidf,0.351351
21,doc22,50,overlap,tfidf,0.52
21,doc22,5,rbo,bbidf,0.613326
21,doc22,5,jaccard,bbidf,0.666667
21,doc22,5,overlap,bbidf,0.8
21,doc22,10,rbo,bbidf,0.650825
21,doc22,10,jaccard,bbidf,0.428571
21,doc22,10,overlap,bbidf,0.6
21,doc22,20,rbo,bbidf,0.592309
21,doc22,20,jaccard,bbidf,0.176471
21,doc22,20,overlap,bbidf,0.3
21,doc22,50,rbo,bbidf,0.563247
21,doc22,50,jaccard,bbidf,0.428571
21,doc22,50,overlap,bbidf,0.6
22,doc23,5,rbo,tfidf,0.437506
22,doc23,5,jaccard,tfidf,0.666667
22,doc23,5,overlap,tfidf,0.8
22,doc23,10,rbo,tfidf,0.606263
22,doc23,10,jaccard,tfidf,0.666667
22,doc23,10,overlap,tfidf,0.8
22,doc23,20,rbo,tfidf,0.651517
22,doc23,20,jaccard,tfidf,0.666667
22,doc23,20,overlap,tfidf,0.8
22,doc23,50,rbo,tfidf,0.665784
22,doc23,50,jaccard,tfidf,0.587302
22,doc23,50,overlap,tfidf,0.74
22,doc23,5,rbo,bbidf,0.503438
22,doc23,5,jaccard,bbidf,0.666667
22,doc23,5,overlap,bbidf,0.8
22,doc23,10,rbo,bbidf,0.640374
22,doc23,10,jaccard,bbidf,0.666667
22,doc23,10,overlap,bbidf,0.8
22,doc23,20,rbo,bbidf,0.677655
22,doc23,20,jaccard,bbidf,0.73913
22,doc23,20,overlap,bbidf,0.85
22,doc23,50,rbo,bbidf,0.694227
22,doc23,50,jaccard,bbidf,0.5625
22,doc23,50,overlap,bbidf,0.72
23,doc24,5,rbo,tfidf,0.647215
23,doc24,5,jaccard,tfidf,0.428571
23,doc24,5,overlap,tfidf,0.6
23,doc24,10,rbo,tfidf,0.632297
23,doc24,10,jaccard,tfidf,0.428571
23,doc24,10,overlap,tfidf,0.6
23,doc24,20,rbo,tfidf,0.669512
23,doc24,20,jaccard,tfidf,0.73913
23,doc24,20,overlap,tfidf,0.85
23,doc24,50,rbo,tfidf,0.685105
23,doc24,50,jaccard,tfidf,0.754386
23,doc24,50,overlap,tfidf,0.86
23,doc24,5,rbo,bbidf,0.891409
23,doc24,5,jaccard,bbidf,0.428571
23,doc24,5,overlap,bbidf,0.6
23,doc24,10,rbo,bbidf,0.791779
23,doc24,10,jaccard,bbidf,0.538462
23,doc24,10,overlap,bbidf,0.7
23,doc24,20,rbo,bbidf,0.790739
23,doc24,20,jaccard,bbidf,0.73913
23,doc24,20,overlap,bbidf,0.85
23,doc24,50,rbo,bbidf,0.792072
23,doc24,50,jaccard,bbidf,0.666667
23,doc24,50,overlap,bbidf,0.8
24,doc25,5,rbo,tfidf,0.425594
24,doc25,5,jaccard,tfidf,1.0
24,doc25,5,overlap,tfidf,1.0
24,doc25,10,rbo,tfidf,0.585482
24,doc25,10,jaccard,tfidf,0.538462
24,doc25,10,overlap,tfidf,0.7
24,doc25,20,rbo,tfidf,0.633274
24,doc25,20,jaccard,tfidf,0.6
24,doc25,20,overlap,tfidf,0.75
24,doc25,50,rbo,tfidf,0.652134
24,doc25,50,jaccard,tfidf,0.639344
24,doc25,50,overlap,tfidf,0.78
24,doc25,5,rbo,bbidf,0.747633
24,doc25,5,jaccard,bbidf,0.666667
24,doc25,5,overlap,bbidf,0.8
24,doc25,10,rbo,bbidf,0.778798
24,doc25,10,jaccard,bbidf,0.666667
24,doc25,10,overlap,bbidf,0.8
24,doc25,20,rbo,bbidf,0.781695
24,doc25,20,jaccard,bbidf,0.666667
24,doc25,20,overlap,bbidf,0.8
24,doc25,50,rbo,bbidf,0.782859
24,doc25,50,jaccard,bbidf,0.612903
24,doc25,50,overlap,bbidf,0.76
25,doc26,5,rbo,tfidf,0.645918
25,doc26,5,jaccard,tfidf,1.0
25,doc26,5,overlap,tfidf,1.0
25,doc26,10,rbo,tfidf,0.720555
25,doc26,10,jaccard,tfidf,0.538462
25,doc26,10,overlap,tfidf,0.7
25,doc26,20,rbo,tfidf,0.736261
25,doc26,20,jaccard,tfidf,0.666667
25,doc26,20,overlap,tfidf,0.8
25,doc26,50,rbo,tfidf,0.733469
25,doc26,50,jaccard,tfidf,0.5625
25,doc26,50,overlap,tfidf,0.72
25,doc26,5,rbo,bbidf,0.438055
25,doc26,5,jaccard,bbidf,0.666667
25,doc26,5,overlap,bbidf,0.8
25,doc26,10,rbo,bbidf,0.631557
25,doc26,10,jaccard,bbidf,0.818182
25,doc26,10,overlap,bbidf,0.9
25,doc26,20,rbo,bbidf,0.680276
25,doc26,20,jaccard,bbidf,0.666667
25,doc26,20,overlap,bbidf,0.8
25,doc26,50,rbo,bbidf,0.687936
25,doc26,50,jaccard,bbidf,0.492537
25,doc26,50,overlap,bbidf,0.66
26,doc27,5,rbo,tfidf,0.679258
26,doc27,5,jaccard,tfidf,0.666667
26,doc27,5,overlap,tfidf,0.8
26,doc27,10,rbo,tfidf,0.76421
26,doc27,10,jaccard,tfidf,0.818182
26,doc27,10,overlap,tfidf,0.9
26,doc27,20,rbo,tfidf,0.750054
26,doc27,20,jaccard,tfidf,0.428571
26,doc27,20,overlap,tfidf,0.6
26,doc27,50,rbo,tfidf,0.74031
26,doc27,50,jaccard,tfidf,0.470588
26,doc27,50,overlap,tfidf,0.64
26,doc27,5,rbo,bbidf,0.689873
26,doc27,5,jaccard,bbidf,1.0
26,doc27,5,overlap,bbidf,1.0
26,doc27,10,rbo,bbidf,0.795832
26,doc27,10,jaccard,bbidf,1.0
26,doc27,10,overlap,bbidf,1.0
26,doc27,20,rbo,bbidf,0.79681
26,doc27,20,jaccard,bbidf,0.538462
26,doc27,20,overlap,bbidf,0.7
26,doc27,50,rbo,bbidf,0.795083
26,doc27,50,jaccard,bbidf,0.639344
26,doc27,50,overlap,bbidf,0.78
27,doc28,5,rbo,tfidf,1.0
27,doc28,5,jaccard,tfidf,1.0
27,doc28,5,overlap,tfidf,1.0
27,doc28,10,rbo,tfidf,0.950763
27,doc28,10,jaccard,tfidf,0.818182
27,doc28,10,overlap,tfidf,0.9
27,doc28,20,rbo,tfidf,0.901376
27,doc28,20,jaccard,tfidf,0.481481
27,doc28,20,overlap,tfidf,0.65
27,doc28,50,rbo,tfidf,0.865907
27,doc28,50,jaccard,tfidf,0.538462
27,doc28,50,overlap,tfidf,0.7
27,doc28,5,rbo,bbidf,0.890113
27,doc28,5,jaccard,bbidf,1.0
27,doc28,5,overlap,bbidf,1.0
27,doc28,10,rbo,bbidf,0.896782
27,doc28,10,jaccard,bbidf,0.818182
27,doc28,10,overlap,bbidf,0.9
27,doc28,20,rbo,bbidf,0.87608
27,doc28,20,jaccard,bbidf,0.538462
27,doc28,20,overlap,bbidf,0.7
27,doc28,50,rbo,bbidf,0.849721
27,doc28,50,jaccard,bbidf,0.639344
27,doc28,50,overlap,bbidf,0.78
28,doc29,5,rbo,tfidf,0.251071
28,doc29,5,jaccard,tfidf,0.428571
28,doc29,5,overlap,tfidf,0.6
28,doc29,10,rbo,tfidf,0.358937
28,doc29,10,jaccard,tfidf,0.428571
28,doc29,10,overlap,tfidf,0.6
28,doc29,20,rbo,tfidf,0.440024
28,doc29,20,jaccard,tfidf,0.6
28,doc29,20,overlap,tfidf,0.75
28,doc29,50,rbo,tfidf,0.469279
28,doc29,50,jaccard,tfidf,0.538462
28,doc29,50,overlap,tfidf,0.7
28,doc29,5,rbo,bbidf,0.569371
28,doc29,5,jaccard,bbidf,0.666667
28,doc29,5,overlap,bbidf,0.8
28,doc29,10,rbo,bbidf,0.630773
28,doc29,10,jaccard,bbidf,0.666667
28,doc29,10,overlap,bbidf,0.8
28,doc29,20,rbo,bbidf,0.666383
28,doc29,20,jaccard,bbidf,0.666667
28,doc29,20,overlap,bbidf,0.8
28,doc29,50,rbo,bbidf,0.674883
28,doc29,50,jaccard,bbidf,0.639344
28,doc29,50,overlap,bbidf,0.78
29,doc30,5,rbo,tfidf,0.715589
29,doc30,5,jaccard,tfidf,0.428571
29,doc30,5,overlap,tfidf,0.6
29,doc30,10,rbo,tfidf,0.700235
29,doc30,10,jaccard,tfidf,0.538462
29,doc30,10,overlap,tfidf,0.7
29,doc30,20,rbo,tfidf,0.696018
29,doc30,20,jaccard,tfidf,0.6
29,doc30,20,overlap,tfidf,0.75
29,doc30,50,rbo,tfidf,0.698361
29,doc30,50,jaccard,tfidf,0.587302
29,doc30,50,overlap,tfidf,0.74
29,doc30,5,rbo,bbidf,0.747633
29,doc30,5,jaccard,bbidf,0.666667
29,doc30,5,overlap,bbidf,0.8
29,doc30,10,rbo,bbidf,0.762275
29,doc30,10,jaccard,bbidf,0.666667
29,doc30,10,overlap,bbidf,0.8
29,doc30,20,rbo,bbidf,0.760574
29,doc30,20,jaccard,bbidf,0.538462
29,doc30,20,overlap,bbidf,0.7
29,doc30,50,rbo,bbidf,0.757597
29,doc30,50,jaccard,bbidf,0.612903
29,doc30,50,overlap,bbidf,0.76
30,doc31,5,rbo,tfidf,0.569371
30,doc31,5,jaccard,tfidf,0.666667
30,doc31,5,overlap,tfidf,0.8
30,doc31,10,rbo,tfidf,0.651831
30,doc31,10,jaccard,tfidf,0.818182
30,doc31,10,overlap,tfidf,0.9
30,doc31,20,rbo,tfidf,0.70605
30,doc31,20,jaccard,tfidf,0.6
30,doc31,20,overlap,tfidf,0.75
30,doc31,50,rbo,tfidf,0.712357
30,doc31,50,jaccard,tfidf,0.587302
30,doc31,50,overlap,tfidf,0.74
30,doc31,5,rbo,bbidf,0.547943
30,doc31,5,jaccard,bbidf,0.666667
30,doc31,5,overlap,bbidf,0.8
30,doc31,10,rbo,bbidf,0.650015
30,doc31,10,jaccard,bbidf,0.818182
30,doc31,10,overlap,bbidf,0.9
30,doc31,20,rbo,bbidf,0.708437
30,doc31,20,jaccard,bbidf,0.666667
30,doc31,20,overlap,bbidf,0.8
30,doc31,50,rbo,bbidf,0.719084
30,doc31,50,jaccard,bbidf,0.5625
30,doc31,50,overlap,bbidf,0.72
31,doc32,5,rbo,tfidf,0.426891
31,doc32,5,jaccard,tfidf,0.428571
31,doc32,5,overlap,tfidf,0.6
31,doc32,10,rbo,tfidf,0.527715
31,doc32,10,jaccard,tfidf,0.818182
31,doc32,10,overlap,tfidf,0.9
31,doc32,20,rbo,tfidf,0.607737
31,doc32,20,jaccard,tfidf,0.6
31,doc32,20,overlap,tfidf,0.75
31,doc32,50,rbo,tfidf,0.618481
31,doc32,50,jaccard,tfidf,0.470588
31,doc32,50,overlap,tfidf,0.64
31,doc32,5,rbo,bbidf,0.813565
31,doc32,5,jaccard,bbidf,0.666667
31,doc32,5,overlap,bbidf,0.8
31,doc32,10,rbo,bbidf,0.824382
31,doc32,10,jaccard,bbidf,1.0
31,doc32,10,overlap,bbidf,1.0
31,doc32,20,rbo,bbidf,0.825912
31,doc32,20,jaccard,bbidf,0.666667
31,doc32,20,overlap,bbidf,0.8
31,doc32,50,rbo,bbidf,0.822497
31,doc32,50,jaccard,bbidf,0.639344
31,doc32,50,overlap,bbidf,0.78
32,doc33,5,rbo,tfidf,0.747633
32,doc33,5,jaccard,tfidf,0.666667
32,doc33,5,overlap,tfidf,0.8
32,doc33,10,rbo,tfidf,0.776962
32,doc33,10,jaccard,tfidf,0.666667
32,doc33,10,overlap,tfidf,0.8
32,doc33,20,rbo,tfidf,0.784931
32,doc33,20,jaccard,tfidf,0.666667
32,doc33,20,overlap,tfidf,0.8
32,doc33,50,rbo,tfidf,0.789401
32,doc33,50,jaccard,tfidf,0.694915
32,doc33,50,overlap,tfidf,0.82
32,doc33,5,rbo,bbidf,0.679258
32,doc33,5,jaccard,bbidf,0.666667
32,doc33,5,overlap,bbidf,0.8
32,doc33,10,rbo,bbidf,0.714973
32,doc33,10,jaccard,bbidf,0.666667
32,doc33,10,overlap,bbidf,0.8
32,doc33,20,rbo,bbidf,0.742112
32,doc33,20,jaccard,bbidf,0.73913
32,doc33,20,overlap,bbidf,0.85
32,doc33,50,rbo,bbidf,0.75233
32,doc33,50,jaccard,bbidf,0.666667
32,doc33,50,overlap,bbidf,0.8
